,Date,Multi_Class,Search Date
0,2022-02-23,1699-5000,2022-02-13
1,2022-02-22,1699-5000,2022-02-12
2,2022-02-21,550-1698,2022-02-11
3,2022-02-20,0-549,2022-02-10
4,2022-02-19,0-549,2022-02-09
5,2022-02-18,1699-5000,2022-02-08
6,2022-02-17,1699-5000,2022-02-07
7,2022-02-16,1699-5000,2022-02-06
8,2022-02-15,1699-5000,2022-02-05
9,2022-02-14,1699-5000,2022-02-04
10,2022-02-13,550-1698,2022-02-03
11,2022-12-02,550-1698,2022-11-22
12,2022-11-02,1699-5000,2022-10-23
13,2022-10-02,1699-5000,2022-09-22
14,2022-09-02,1699-5000,2022-08-23
15,2022-08-02,1699-5000,2022-07-23
16,2022-07-02,1699-5000,2022-06-22
17,2022-06-02,550-1698,2022-05-23
18,2022-05-02,1699-5000,2022-04-22
19,2022-04-02,1699-5000,2022-03-23
20,2022-03-02,1699-5000,2022-02-20
21,2022-02-02,1699-5000,2022-01-23
22,2022-01-02,1699-5000,2021-12-23
23,2022-01-31,1699-5000,2022-01-21
24,2022-01-30,550-1698,2022-01-20
25,2022-01-29,1699-5000,2022-01-19
26,2022-01-28,1699-5000,2022-01-18
27,2022-01-27,1699-5000,2022-01-17
28,2022-01-26,1699-5000,2022-01-16
29,2022-01-25,1699-5000,2022-01-15
30,2022-01-24,1699-5000,2022-01-14
31,2022-01-23,550-1698,2022-01-13
32,2022-01-22,1699-5000,2022-01-12
33,2022-01-21,1699-5000,2022-01-11
34,2022-01-20,1699-5000,2022-01-10
35,2022-01-19,1699-5000,2022-01-09
36,2022-01-18,1699-5000,2022-01-08
37,2022-01-17,1699-5000,2022-01-07
38,2022-01-16,550-1698,2022-01-06
39,2022-01-15,1699-5000,2022-01-05
40,2022-01-14,1699-5000,2022-01-04
41,2022-01-13,1699-5000,2022-01-03
42,2022-12-01,1699-5000,2022-11-21
43,2022-11-01,1699-5000,2022-10-22
44,2022-10-01,1699-5000,2022-09-21
45,2022-09-01,550-1698,2022-08-22
46,2022-08-01,550-1698,2022-07-22
47,2022-07-01,1699-5000,2022-06-21
48,2022-06-01,1699-5000,2022-05-22
49,2022-05-01,1699-5000,2022-04-21
50,2022-04-01,1699-5000,2022-03-22
51,2022-03-01,1699-5000,2022-02-19
52,2022-02-01,0-549,2022-01-22
53,2022-01-01,0-549,2021-12-22
54,2021-12-31,1699-5000,2021-12-21
55,2021-12-30,1699-5000,2021-12-20
56,2021-12-29,1699-5000,2021-12-19
57,2021-12-28,1699-5000,2021-12-18
58,2021-12-27,1699-5000,2021-12-17
59,2021-12-26,0-549,2021-12-16
60,2021-12-25,0-549,2021-12-15
61,2021-12-24,1699-5000,2021-12-14
62,2021-12-23,1699-5000,2021-12-13
63,2021-12-22,1699-5000,2021-12-12
64,2021-12-21,1699-5000,2021-12-11
65,2021-12-20,1699-5000,2021-12-10
66,2021-12-19,0-549,2021-12-09
67,2021-12-18,550-1698,2021-12-08
68,2021-12-17,1699-5000,2021-12-07
69,2021-12-16,1699-5000,2021-12-06
70,2021-12-15,1699-5000,2021-12-05
71,2021-12-14,1699-5000,2021-12-04
72,2021-12-13,1699-5000,2021-12-03
73,2021-12-12,0-549,2021-12-02
74,2021-11-12,0-549,2021-11-02
75,2021-10-12,1699-5000,2021-10-02
76,2021-09-12,1699-5000,2021-09-02
77,2021-08-12,1699-5000,2021-08-02
78,2021-07-12,1699-5000,2021-07-02
79,2021-06-12,1699-5000,2021-06-02
80,2021-05-12,0-549,2021-05-02
81,2021-04-12,550-1698,2021-04-02
82,2021-03-12,1699-5000,2021-03-02
83,2021-02-12,1699-5000,2021-02-02
84,2021-01-12,1699-5000,2021-01-02
85,2021-11-30,1699-5000,2021-11-20
86,2021-11-29,1699-5000,2021-11-19
87,2021-11-28,0-549,2021-11-18
88,2021-11-27,0-549,2021-11-17
89,2021-11-26,550-1698,2021-11-16
90,2021-11-25,0-549,2021-11-15
91,2021-11-24,1699-5000,2021-11-14
92,2021-11-23,1699-5000,2021-11-13
93,2021-11-22,1699-5000,2021-11-12
94,2021-11-21,0-549,2021-11-11
95,2021-11-20,0-549,2021-11-10
96,2021-11-19,1699-5000,2021-11-09
97,2021-11-18,1699-5000,2021-11-08
98,2021-11-17,1699-5000,2021-11-07
99,2021-11-16,1699-5000,2021-11-06
100,2021-11-15,1699-5000,2021-11-05
101,2021-11-14,0-549,2021-11-04
102,2021-11-13,0-549,2021-11-03
103,2021-12-11,1699-5000,2021-12-01
104,2021-11-11,1699-5000,2021-11-01
105,2021-10-11,1699-5000,2021-10-01
106,2021-09-11,1699-5000,2021-09-01
107,2021-08-11,1699-5000,2021-08-01
108,2021-07-11,0-549,2021-07-01
109,2021-06-11,0-549,2021-06-01
110,2021-05-11,1699-5000,2021-05-01
111,2021-04-11,1699-5000,2021-04-01
112,2021-03-11,1699-5000,2021-03-01
113,2021-02-11,1699-5000,2021-02-01
114,2021-01-11,1699-5000,2021-01-01
115,2021-10-31,0-549,2021-10-21
116,2021-10-30,0-549,2021-10-20
117,2021-10-29,1699-5000,2021-10-19
118,2021-10-28,1699-5000,2021-10-18
119,2021-10-27,1699-5000,2021-10-17
120,2021-10-26,1699-5000,2021-10-16
121,2021-10-25,1699-5000,2021-10-15
122,2021-10-24,0-549,2021-10-14
123,2021-10-23,550-1698,2021-10-13
124,2021-10-22,1699-5000,2021-10-12
125,2021-10-21,1699-5000,2021-10-11
126,2021-10-20,1699-5000,2021-10-10
127,2021-10-19,1699-5000,2021-10-09
128,2021-10-18,1699-5000,2021-10-08
129,2021-10-17,550-1698,2021-10-07
130,2021-10-16,550-1698,2021-10-06
131,2021-10-15,1699-5000,2021-10-05
132,2021-10-14,1699-5000,2021-10-04
133,2021-10-13,1699-5000,2021-10-03
134,2021-12-10,1699-5000,2021-11-30
135,2021-11-10,550-1698,2021-10-31
136,2021-10-10,550-1698,2021-09-30
137,2021-09-10,1699-5000,2021-08-31
138,2021-08-10,1699-5000,2021-07-31
139,2021-07-10,1699-5000,2021-06-30
140,2021-06-10,1699-5000,2021-05-31
141,2021-05-10,1699-5000,2021-04-30
142,2021-04-10,1699-5000,2021-03-31
143,2021-03-10,1699-5000,2021-02-28
144,2021-02-10,1699-5000,2021-01-31
145,2021-01-10,1699-5000,2020-12-31
146,2021-09-30,1699-5000,2021-09-20
147,2021-09-29,1699-5000,2021-09-19
148,2021-09-28,1699-5000,2021-09-18
149,2021-09-27,1699-5000,2021-09-17
150,2021-09-26,1699-5000,2021-09-16
151,2021-09-25,1699-5000,2021-09-15
152,2021-09-24,1699-5000,2021-09-14
153,2021-09-23,1699-5000,2021-09-13
154,2021-09-22,1699-5000,2021-09-12
155,2021-09-21,1699-5000,2021-09-11
156,2021-09-20,1699-5000,2021-09-10
157,2021-09-19,1699-5000,2021-09-09
158,2021-09-18,1699-5000,2021-09-08
159,2021-09-17,1699-5000,2021-09-07
160,2021-09-16,1699-5000,2021-09-06
161,2021-09-15,1699-5000,2021-09-05
162,2021-09-14,1699-5000,2021-09-04
163,2021-09-13,1699-5000,2021-09-03
164,2021-12-09,1699-5000,2021-11-29
165,2021-11-09,1699-5000,2021-10-30
166,2021-10-09,1699-5000,2021-09-29
167,2021-09-09,1699-5000,2021-08-30
168,2021-08-09,1699-5000,2021-07-30
169,2021-07-09,1699-5000,2021-06-29
170,2021-06-09,1699-5000,2021-05-30
171,2021-05-09,1699-5000,2021-04-29
172,2021-04-09,1699-5000,2021-03-30
173,2021-03-09,1699-5000,2021-02-27
174,2021-02-09,1699-5000,2021-01-30
175,2021-01-09,1699-5000,2020-12-30
176,2021-08-31,1699-5000,2021-08-21
177,2021-08-30,1699-5000,2021-08-20
178,2021-08-29,1699-5000,2021-08-19
179,2021-08-28,1699-5000,2021-08-18
180,2021-08-27,1699-5000,2021-08-17
181,2021-08-26,1699-5000,2021-08-16
182,2021-08-25,1699-5000,2021-08-15
183,2021-08-24,1699-5000,2021-08-14
184,2021-08-23,1699-5000,2021-08-13
185,2021-08-22,550-1698,2021-08-12
186,2021-08-21,1699-5000,2021-08-11
187,2021-08-20,1699-5000,2021-08-10
188,2021-08-19,1699-5000,2021-08-09
189,2021-08-18,1699-5000,2021-08-08
190,2021-08-17,1699-5000,2021-08-07
191,2021-08-16,550-1698,2021-08-06
192,2021-08-15,550-1698,2021-08-05
193,2021-08-14,550-1698,2021-08-04
194,2021-08-13,1699-5000,2021-08-03
195,2021-12-08,1699-5000,2021-11-28
196,2021-11-08,550-1698,2021-10-29
197,2021-10-08,1699-5000,2021-09-28
198,2021-09-08,550-1698,2021-08-29
199,2021-08-08,0-549,2021-07-29
200,2021-07-08,550-1698,2021-06-28
201,2021-06-08,550-1698,2021-05-29
202,2021-05-08,550-1698,2021-04-28
203,2021-04-08,550-1698,2021-03-29
204,2021-03-08,550-1698,2021-02-26
205,2021-02-08,550-1698,2021-01-29
206,2021-01-08,0-549,2020-12-29
207,2021-07-31,0-549,2021-07-21
208,2021-07-30,0-549,2021-07-20
209,2021-07-29,0-549,2021-07-19
210,2021-07-28,0-549,2021-07-18
211,2021-07-27,0-549,2021-07-17
212,2021-07-26,0-549,2021-07-16
213,2021-07-25,0-549,2021-07-15
214,2021-07-24,0-549,2021-07-14
215,2021-07-23,0-549,2021-07-13
216,2021-07-22,0-549,2021-07-12
217,2021-07-21,0-549,2021-07-11
218,2021-07-20,0-549,2021-07-10
219,2021-07-19,0-549,2021-07-09
220,2021-07-18,0-549,2021-07-08
221,2021-07-17,0-549,2021-07-07
222,2021-07-16,0-549,2021-07-06
223,2021-07-15,0-549,2021-07-05
224,2021-07-14,0-549,2021-07-04
225,2021-07-13,0-549,2021-07-03
226,2021-12-07,0-549,2021-11-27
227,2021-11-07,0-549,2021-10-28
228,2021-10-07,0-549,2021-09-27
229,2021-09-07,0-549,2021-08-28
230,2021-08-07,0-549,2021-07-28
231,2021-07-07,0-549,2021-06-27
232,2021-06-07,0-549,2021-05-28
233,2021-05-07,0-549,2021-04-27
234,2021-04-07,0-549,2021-03-28
235,2021-03-07,0-549,2021-02-25
236,2021-02-07,0-549,2021-01-28
237,2021-01-07,0-549,2020-12-28
238,2021-06-30,0-549,2021-06-20
239,2021-06-29,0-549,2021-06-19
240,2021-06-28,0-549,2021-06-18
241,2021-06-27,0-549,2021-06-17
242,2021-06-26,0-549,2021-06-16
243,2021-06-25,0-549,2021-06-15
244,2021-06-24,0-549,2021-06-14
245,2021-06-23,0-549,2021-06-13
246,2021-06-22,0-549,2021-06-12
247,2021-06-21,0-549,2021-06-11
248,2021-06-20,0-549,2021-06-10
249,2021-06-19,0-549,2021-06-09
250,2021-06-18,0-549,2021-06-08
251,2021-06-17,0-549,2021-06-07
252,2021-06-16,0-549,2021-06-06
253,2021-06-15,0-549,2021-06-05
254,2021-06-14,0-549,2021-06-04
255,2021-06-13,0-549,2021-06-03
256,2021-12-06,0-549,2021-11-26
257,2021-11-06,0-549,2021-10-27
258,2021-10-06,0-549,2021-09-26
259,2021-09-06,0-549,2021-08-27
260,2021-08-06,0-549,2021-07-27
261,2021-07-06,0-549,2021-06-26
262,2021-06-06,0-549,2021-05-27
263,2021-05-06,0-549,2021-04-26
264,2021-04-06,550-1698,2021-03-27
265,2021-03-06,0-549,2021-02-24
266,2021-02-06,0-549,2021-01-27
267,2021-01-06,0-549,2020-12-27
268,2021-05-31,0-549,2021-05-21
269,2021-05-30,0-549,2021-05-20
270,2021-05-29,0-549,2021-05-19
271,2021-05-28,550-1698,2021-05-18
272,2021-05-27,0-549,2021-05-17
273,2021-05-26,0-549,2021-05-16
274,2021-05-25,0-549,2021-05-15
275,2021-05-24,0-549,2021-05-14
276,2021-05-23,0-549,2021-05-13
277,2021-05-22,0-549,2021-05-12
278,2021-05-21,550-1698,2021-05-11
279,2021-05-20,0-549,2021-05-10
280,2021-05-19,550-1698,2021-05-09
281,2021-05-18,550-1698,2021-05-08
282,2021-05-17,0-549,2021-05-07
283,2021-05-16,0-549,2021-05-06
284,2021-05-15,0-549,2021-05-05
285,2021-05-14,550-1698,2021-05-04
286,2021-05-13,550-1698,2021-05-03
287,2021-12-05,550-1698,2021-11-25
288,2021-11-05,550-1698,2021-10-26
289,2021-10-05,0-549,2021-09-25
290,2021-09-05,0-549,2021-08-26
291,2021-08-05,550-1698,2021-07-26
292,2021-07-05,550-1698,2021-06-25
293,2021-06-05,550-1698,2021-05-26
294,2021-05-05,550-1698,2021-04-25
295,2021-04-05,550-1698,2021-03-26
296,2021-03-05,0-549,2021-02-23
297,2021-02-05,0-549,2021-01-26
298,2021-01-05,550-1698,2020-12-26
299,2021-04-30,550-1698,2021-04-20
300,2021-04-29,550-1698,2021-04-19
301,2021-04-28,550-1698,2021-04-18
302,2021-04-27,0-549,2021-04-17
303,2021-04-26,0-549,2021-04-16
304,2021-04-25,0-549,2021-04-15
305,2021-04-24,550-1698,2021-04-14
306,2021-04-23,550-1698,2021-04-13
307,2021-04-22,550-1698,2021-04-12
308,2021-04-21,550-1698,2021-04-11
309,2021-04-20,550-1698,2021-04-10
310,2021-04-19,0-549,2021-04-09
311,2021-04-18,0-549,2021-04-08
312,2021-04-17,550-1698,2021-04-07
313,2021-04-16,550-1698,2021-04-06
314,2021-04-15,550-1698,2021-04-05
315,2021-04-14,550-1698,2021-04-04
316,2021-04-13,550-1698,2021-04-03
317,2021-12-04,0-549,2021-11-24
318,2021-11-04,0-549,2021-10-25
319,2021-10-04,550-1698,2021-09-24
320,2021-09-04,550-1698,2021-08-25
321,2021-08-04,550-1698,2021-07-25
322,2021-07-04,550-1698,2021-06-24
323,2021-06-04,550-1698,2021-05-25
324,2021-05-04,0-549,2021-04-24
325,2021-04-04,0-549,2021-03-25
326,2021-03-04,550-1698,2021-02-22
327,2021-02-04,550-1698,2021-01-25
328,2021-01-04,550-1698,2020-12-25
329,2021-03-31,1699-5000,2021-03-21
330,2021-03-30,550-1698,2021-03-20
331,2021-03-29,550-1698,2021-03-19
332,2021-03-28,550-1698,2021-03-18
333,2021-03-27,550-1698,2021-03-17
334,2021-03-26,1699-5000,2021-03-16
335,2021-03-25,1699-5000,2021-03-15
336,2021-03-24,1699-5000,2021-03-14
337,2021-03-23,550-1698,2021-03-13
338,2021-03-22,550-1698,2021-03-12
339,2021-03-21,0-549,2021-03-11
340,2021-03-20,550-1698,2021-03-10
341,2021-03-19,1699-5000,2021-03-09
342,2021-03-18,550-1698,2021-03-08
343,2021-03-17,1699-5000,2021-03-07
344,2021-03-16,550-1698,2021-03-06
345,2021-03-15,550-1698,2021-03-05
346,2021-03-14,550-1698,2021-03-04
347,2021-03-13,1699-5000,2021-03-03
348,2021-12-03,1699-5000,2021-11-23
349,2021-11-03,1699-5000,2021-10-24
350,2021-10-03,1699-5000,2021-09-23
351,2021-09-03,1699-5000,2021-08-24
352,2021-08-03,550-1698,2021-07-24
353,2021-07-03,550-1698,2021-06-23
354,2021-06-03,1699-5000,2021-05-24
355,2021-05-03,1699-5000,2021-04-23
356,2021-04-03,1699-5000,2021-03-24
357,2021-03-03,1699-5000,2021-02-21
358,2021-02-03,1699-5000,2021-01-24
359,2021-01-03,1699-5000,2020-12-24
360,2021-02-28,1699-5000,2021-02-18
361,2021-02-27,1699-5000,2021-02-17
362,2021-02-26,1699-5000,2021-02-16
363,2021-02-25,1699-5000,2021-02-15
364,2021-02-24,1699-5000,2021-02-14
365,2021-02-23,1699-5000,2021-02-13
366,2021-02-22,1699-5000,2021-02-12
367,2021-02-21,1699-5000,2021-02-11
368,2021-02-20,1699-5000,2021-02-10
369,2021-02-19,1699-5000,2021-02-09
370,2021-02-18,1699-5000,2021-02-08
371,2021-02-17,1699-5000,2021-02-07
372,2021-02-16,1699-5000,2021-02-06
373,2021-02-15,1699-5000,2021-02-05
374,2021-02-14,1699-5000,2021-02-04
375,2021-02-13,1699-5000,2021-02-03
376,2021-12-02,1699-5000,2021-11-22
377,2021-11-02,1699-5000,2021-10-23
378,2021-10-02,1699-5000,2021-09-22
379,2021-09-02,1699-5000,2021-08-23
380,2021-08-02,1699-5000,2021-07-23
381,2021-07-02,1699-5000,2021-06-22
382,2021-06-02,1699-5000,2021-05-23
383,2021-05-02,1699-5000,2021-04-22
384,2021-04-02,1699-5000,2021-03-23
385,2021-03-02,1699-5000,2021-02-20
386,2021-02-02,1699-5000,2021-01-23
387,2021-01-02,1699-5000,2020-12-23
388,2021-01-31,1699-5000,2021-01-21
389,2021-01-30,1699-5000,2021-01-20
390,2021-01-29,1699-5000,2021-01-19
391,2021-01-28,1699-5000,2021-01-18
392,2021-01-27,1699-5000,2021-01-17
393,2021-01-26,1699-5000,2021-01-16
394,2021-01-25,1699-5000,2021-01-15
395,2021-01-24,1699-5000,2021-01-14
396,2021-01-23,1699-5000,2021-01-13
397,2021-01-22,1699-5000,2021-01-12
398,2021-01-21,1699-5000,2021-01-11
399,2021-01-20,1699-5000,2021-01-10
400,2021-01-19,1699-5000,2021-01-09
401,2021-01-18,1699-5000,2021-01-08
402,2021-01-17,1699-5000,2021-01-07
403,2021-01-16,1699-5000,2021-01-06
404,2021-01-15,1699-5000,2021-01-05
405,2021-01-14,1699-5000,2021-01-04
406,2021-01-13,1699-5000,2021-01-03
407,2021-12-01,1699-5000,2021-11-21
408,2021-11-01,1699-5000,2021-10-22
409,2021-10-01,1699-5000,2021-09-21
410,2021-09-01,1699-5000,2021-08-22
411,2021-08-01,1699-5000,2021-07-22
412,2021-07-01,1699-5000,2021-06-21
413,2021-06-01,1699-5000,2021-05-22
414,2021-05-01,1699-5000,2021-04-21
415,2021-04-01,1699-5000,2021-03-22
416,2021-03-01,1699-5000,2021-02-19
417,2021-02-01,1699-5000,2021-01-22
418,2021-01-01,1699-5000,2020-12-22
419,2020-12-31,1699-5000,2020-12-21
420,2020-12-30,1699-5000,2020-12-20
421,2020-12-29,1699-5000,2020-12-19
422,2020-12-28,1699-5000,2020-12-18
423,2020-12-27,1699-5000,2020-12-17
424,2020-12-26,1699-5000,2020-12-16
425,2020-12-25,1699-5000,2020-12-15
426,2020-12-24,1699-5000,2020-12-14
427,2020-12-23,1699-5000,2020-12-13
428,2020-12-22,1699-5000,2020-12-12
429,2020-12-21,1699-5000,2020-12-11
430,2020-12-20,1699-5000,2020-12-10
431,2020-12-19,1699-5000,2020-12-09
432,2020-12-18,1699-5000,2020-12-08
433,2020-12-17,1699-5000,2020-12-07
434,2020-12-16,1699-5000,2020-12-06
435,2020-12-15,1699-5000,2020-12-05
436,2020-12-14,1699-5000,2020-12-04
437,2020-12-13,1699-5000,2020-12-03
438,2020-12-12,1699-5000,2020-12-02
439,2020-11-12,1699-5000,2020-11-02
440,2020-10-12,1699-5000,2020-10-02
441,2020-09-12,1699-5000,2020-09-02
442,2020-08-12,1699-5000,2020-08-02
443,2020-07-12,1699-5000,2020-07-02
444,2020-06-12,1699-5000,2020-06-02
445,2020-05-12,1699-5000,2020-05-02
446,2020-04-12,1699-5000,2020-04-02
447,2020-03-12,1699-5000,2020-03-02
448,2020-02-12,1699-5000,2020-02-02
449,2020-01-12,1699-5000,2020-01-02
450,2020-11-30,1699-5000,2020-11-20
451,2020-11-29,1699-5000,2020-11-19
452,2020-11-28,1699-5000,2020-11-18
453,2020-11-27,1699-5000,2020-11-17
454,2020-11-26,1699-5000,2020-11-16
455,2020-11-25,1699-5000,2020-11-15
456,2020-11-24,1699-5000,2020-11-14
457,2020-11-23,1699-5000,2020-11-13
458,2020-11-22,1699-5000,2020-11-12
459,2020-11-21,1699-5000,2020-11-11
460,2020-11-20,1699-5000,2020-11-10
461,2020-11-19,1699-5000,2020-11-09
462,2020-11-18,1699-5000,2020-11-08
463,2020-11-17,1699-5000,2020-11-07
464,2020-11-16,1699-5000,2020-11-06
465,2020-11-15,1699-5000,2020-11-05
466,2020-11-14,1699-5000,2020-11-04
467,2020-11-13,1699-5000,2020-11-03
468,2020-12-11,1699-5000,2020-12-01
469,2020-11-11,1699-5000,2020-11-01
470,2020-10-11,1699-5000,2020-10-01
471,2020-09-11,1699-5000,2020-09-01
472,2020-08-11,550-1698,2020-08-01
473,2020-07-11,1699-5000,2020-07-01
474,2020-06-11,1699-5000,2020-06-01
475,2020-05-11,1699-5000,2020-05-01
476,2020-04-11,1699-5000,2020-04-01
477,2020-03-11,1699-5000,2020-03-01
478,2020-02-11,550-1698,2020-02-01
479,2020-01-11,550-1698,2020-01-01
480,2020-10-31,550-1698,2020-10-21
481,2020-10-30,550-1698,2020-10-20
482,2020-10-29,1699-5000,2020-10-19
483,2020-10-28,1699-5000,2020-10-18
484,2020-10-27,550-1698,2020-10-17
485,2020-10-26,550-1698,2020-10-16
486,2020-10-25,550-1698,2020-10-15
487,2020-10-24,550-1698,2020-10-14
488,2020-10-23,550-1698,2020-10-13
489,2020-10-22,550-1698,2020-10-12
490,2020-10-21,1699-5000,2020-10-11
491,2020-10-20,550-1698,2020-10-10
492,2020-10-19,550-1698,2020-10-09
493,2020-10-18,550-1698,2020-10-08
494,2020-10-17,550-1698,2020-10-07
495,2020-10-16,550-1698,2020-10-06
496,2020-10-15,550-1698,2020-10-05
497,2020-10-14,550-1698,2020-10-04
498,2020-10-13,550-1698,2020-10-03
499,2020-12-10,0-549,2020-11-30
500,2020-11-10,550-1698,2020-10-31
501,2020-10-10,550-1698,2020-09-30
502,2020-09-10,550-1698,2020-08-31
503,2020-08-10,550-1698,2020-07-31
504,2020-07-10,550-1698,2020-06-30
505,2020-06-10,550-1698,2020-05-31
506,2020-05-10,0-549,2020-04-30
507,2020-04-10,550-1698,2020-03-31
508,2020-03-10,0-549,2020-02-29
509,2020-02-10,550-1698,2020-01-31
510,2020-01-10,550-1698,2019-12-31
511,2020-09-30,550-1698,2020-09-20
512,2020-09-29,550-1698,2020-09-19
513,2020-09-28,0-549,2020-09-18
514,2020-09-27,0-549,2020-09-17
515,2020-09-26,550-1698,2020-09-16
516,2020-09-25,550-1698,2020-09-15
517,2020-09-24,550-1698,2020-09-14
518,2020-09-23,550-1698,2020-09-13
519,2020-09-22,550-1698,2020-09-12
520,2020-09-21,550-1698,2020-09-11
521,2020-09-20,0-549,2020-09-10
522,2020-09-19,550-1698,2020-09-09
523,2020-09-18,550-1698,2020-09-08
524,2020-09-17,550-1698,2020-09-07
525,2020-09-16,1699-5000,2020-09-06
526,2020-09-15,550-1698,2020-09-05
527,2020-09-14,0-549,2020-09-04
528,2020-09-13,550-1698,2020-09-03
529,2020-12-09,550-1698,2020-11-29
530,2020-11-09,550-1698,2020-10-30
531,2020-10-09,550-1698,2020-09-29
532,2020-09-09,550-1698,2020-08-30
533,2020-08-09,550-1698,2020-07-30
534,2020-07-09,0-549,2020-06-29
535,2020-06-09,550-1698,2020-05-30
536,2020-05-09,550-1698,2020-04-29
537,2020-04-09,550-1698,2020-03-30
538,2020-03-09,550-1698,2020-02-28
539,2020-02-09,550-1698,2020-01-30
540,2020-01-09,550-1698,2019-12-30
541,2020-08-31,550-1698,2020-08-21
542,2020-08-30,550-1698,2020-08-20
543,2020-08-29,550-1698,2020-08-19
544,2020-08-28,1699-5000,2020-08-18
545,2020-08-27,1699-5000,2020-08-17
546,2020-08-26,1699-5000,2020-08-16
547,2020-08-25,550-1698,2020-08-15
548,2020-08-24,550-1698,2020-08-14
549,2020-08-23,550-1698,2020-08-13
550,2020-08-22,1699-5000,2020-08-12
551,2020-08-21,1699-5000,2020-08-11
552,2020-08-20,1699-5000,2020-08-10
553,2020-08-19,1699-5000,2020-08-09
554,2020-08-18,550-1698,2020-08-08
555,2020-08-17,550-1698,2020-08-07
556,2020-08-16,550-1698,2020-08-06
557,2020-08-15,550-1698,2020-08-05
558,2020-08-14,1699-5000,2020-08-04
559,2020-08-13,1699-5000,2020-08-03
560,2020-12-08,1699-5000,2020-11-28
561,2020-11-08,1699-5000,2020-10-29
562,2020-10-08,550-1698,2020-09-28
563,2020-09-08,550-1698,2020-08-29
564,2020-08-08,1699-5000,2020-07-29
565,2020-07-08,1699-5000,2020-06-28
566,2020-06-08,1699-5000,2020-05-29
567,2020-05-08,1699-5000,2020-04-28
568,2020-04-08,1699-5000,2020-03-29
569,2020-03-08,550-1698,2020-02-27
570,2020-02-08,550-1698,2020-01-29
571,2020-01-08,1699-5000,2019-12-29
572,2020-07-31,1699-5000,2020-07-21
573,2020-07-30,1699-5000,2020-07-20
574,2020-07-29,1699-5000,2020-07-19
575,2020-07-28,1699-5000,2020-07-18
576,2020-07-27,1699-5000,2020-07-17
577,2020-07-26,1699-5000,2020-07-16
578,2020-07-25,1699-5000,2020-07-15
579,2020-07-24,1699-5000,2020-07-14
580,2020-07-23,1699-5000,2020-07-13
581,2020-07-22,1699-5000,2020-07-12
582,2020-07-21,1699-5000,2020-07-11
583,2020-07-20,550-1698,2020-07-10
584,2020-07-19,550-1698,2020-07-09
585,2020-07-18,1699-5000,2020-07-08
586,2020-07-17,1699-5000,2020-07-07
587,2020-07-16,1699-5000,2020-07-06
588,2020-07-15,1699-5000,2020-07-05
589,2020-07-14,550-1698,2020-07-04
590,2020-07-13,550-1698,2020-07-03
591,2020-12-07,550-1698,2020-11-27
592,2020-11-07,550-1698,2020-10-28
593,2020-10-07,1699-5000,2020-09-27
594,2020-09-07,550-1698,2020-08-28
595,2020-08-07,1699-5000,2020-07-28
596,2020-07-07,550-1698,2020-06-27
597,2020-06-07,550-1698,2020-05-28
598,2020-05-07,0-549,2020-04-27
599,2020-04-07,0-549,2020-03-28
600,2020-03-07,550-1698,2020-02-26
601,2020-02-07,550-1698,2020-01-28
602,2020-01-07,550-1698,2019-12-28
603,2020-06-30,550-1698,2020-06-20
604,2020-06-29,0-549,2020-06-19
605,2020-06-28,0-549,2020-06-18
606,2020-06-27,550-1698,2020-06-17
607,2020-06-26,550-1698,2020-06-16
608,2020-06-25,550-1698,2020-06-15
609,2020-06-24,550-1698,2020-06-14
610,2020-06-23,550-1698,2020-06-13
611,2020-06-22,0-549,2020-06-12
612,2020-06-21,0-549,2020-06-11
613,2020-06-20,550-1698,2020-06-10
614,2020-06-19,550-1698,2020-06-09
615,2020-06-18,550-1698,2020-06-08
616,2020-06-17,550-1698,2020-06-07
617,2020-06-16,550-1698,2020-06-06
618,2020-06-15,0-549,2020-06-05
619,2020-06-14,0-549,2020-06-04
620,2020-06-13,550-1698,2020-06-03
621,2020-12-06,550-1698,2020-11-26
622,2020-11-06,550-1698,2020-10-27
623,2020-10-06,550-1698,2020-09-26
624,2020-09-06,550-1698,2020-08-27
625,2020-08-06,550-1698,2020-07-27
626,2020-07-06,550-1698,2020-06-26
627,2020-06-06,550-1698,2020-05-27
628,2020-05-06,550-1698,2020-04-26
629,2020-04-06,550-1698,2020-03-27
630,2020-03-06,1699-5000,2020-02-25
631,2020-02-06,550-1698,2020-01-27
632,2020-01-06,550-1698,2019-12-27
633,2020-05-31,550-1698,2020-05-21
634,2020-05-30,550-1698,2020-05-20
635,2020-05-29,1699-5000,2020-05-19
636,2020-05-28,1699-5000,2020-05-18
637,2020-05-27,1699-5000,2020-05-17
638,2020-05-26,550-1698,2020-05-16
639,2020-05-25,550-1698,2020-05-15
640,2020-05-24,550-1698,2020-05-14
641,2020-05-23,550-1698,2020-05-13
642,2020-05-22,1699-5000,2020-05-12
643,2020-05-21,1699-5000,2020-05-11
644,2020-05-20,1699-5000,2020-05-10
645,2020-05-19,1699-5000,2020-05-09
646,2020-05-18,1699-5000,2020-05-08
647,2020-05-17,550-1698,2020-05-07
648,2020-05-16,1699-5000,2020-05-06
649,2020-05-15,1699-5000,2020-05-05
650,2020-05-14,1699-5000,2020-05-04
651,2020-05-13,1699-5000,2020-05-03
652,2020-12-05,1699-5000,2020-11-25
653,2020-11-05,1699-5000,2020-10-26
654,2020-10-05,1699-5000,2020-09-25
655,2020-09-05,1699-5000,2020-08-26
656,2020-08-05,1699-5000,2020-07-26
657,2020-07-05,1699-5000,2020-06-25
658,2020-06-05,1699-5000,2020-05-26
659,2020-05-05,1699-5000,2020-04-25
660,2020-04-05,1699-5000,2020-03-26
661,2020-03-05,1699-5000,2020-02-24
662,2020-02-05,1699-5000,2020-01-26
663,2020-01-05,1699-5000,2019-12-26
664,2020-04-30,1699-5000,2020-04-20
665,2020-04-29,1699-5000,2020-04-19
666,2020-04-28,1699-5000,2020-04-18
667,2020-04-27,1699-5000,2020-04-17
668,2020-04-26,1699-5000,2020-04-16
669,2020-04-25,1699-5000,2020-04-15
670,2020-04-24,1699-5000,2020-04-14
671,2020-04-23,1699-5000,2020-04-13
672,2020-04-22,1699-5000,2020-04-12
673,2020-04-21,1699-5000,2020-04-11
674,2020-04-20,1699-5000,2020-04-10
675,2020-04-19,1699-5000,2020-04-09
676,2020-04-18,1699-5000,2020-04-08
677,2020-04-17,1699-5000,2020-04-07
678,2020-04-16,1699-5000,2020-04-06
679,2020-04-15,1699-5000,2020-04-05
680,2020-04-14,1699-5000,2020-04-04
681,2020-04-13,1699-5000,2020-04-03
682,2020-12-04,1699-5000,2020-11-24
683,2020-11-04,1699-5000,2020-10-25
684,2020-10-04,1699-5000,2020-09-24
685,2020-09-04,1699-5000,2020-08-25
686,2020-08-04,1699-5000,2020-07-25
687,2020-07-04,1699-5000,2020-06-24
688,2020-06-04,1699-5000,2020-05-25
689,2020-05-04,1699-5000,2020-04-24
690,2020-04-04,1699-5000,2020-03-25
691,2020-03-04,1699-5000,2020-02-23
692,2020-02-04,1699-5000,2020-01-25
693,2020-01-04,1699-5000,2019-12-25
694,2020-03-31,1699-5000,2020-03-21
695,2020-03-30,550-1698,2020-03-20
696,2020-03-29,550-1698,2020-03-19
697,2020-03-28,550-1698,2020-03-18
698,2020-03-27,0-549,2020-03-17
699,2020-03-26,0-549,2020-03-16
700,2020-03-25,0-549,2020-03-15
701,2020-03-24,0-549,2020-03-14
702,2020-03-23,0-549,2020-03-13
703,2020-03-22,0-549,2020-03-12
704,2020-03-21,0-549,2020-03-11
705,2020-03-20,0-549,2020-03-10
706,2020-03-19,0-549,2020-03-09
707,2020-03-18,0-549,2020-03-08
708,2020-03-17,0-549,2020-03-07
709,2020-03-16,0-549,2020-03-06
710,2020-03-15,0-549,2020-03-05
711,2020-03-14,0-549,2020-03-04
712,2020-03-13,0-549,2020-03-03
713,2020-12-03,0-549,2020-11-23
714,2020-11-03,0-549,2020-10-24
715,2020-10-03,0-549,2020-09-23
716,2020-09-03,0-549,2020-08-24
717,2020-08-03,0-549,2020-07-24
718,2020-07-03,0-549,2020-06-23
719,2020-06-03,0-549,2020-05-24
720,2020-05-03,0-549,2020-04-23
721,2020-04-03,0-549,2020-03-24
722,2020-03-03,0-549,2020-02-22
723,2020-02-03,0-549,2020-01-24
724,2020-01-03,0-549,2019-12-24
725,2020-02-29,0-549,2020-02-19
726,2020-02-28,0-549,2020-02-18
727,2020-02-27,0-549,2020-02-17
728,2020-02-26,0-549,2020-02-16
729,2020-02-25,0-549,2020-02-15
730,2020-02-24,0-549,2020-02-14
731,2020-02-23,0-549,2020-02-13
732,2020-02-22,0-549,2020-02-12
733,2020-02-21,0-549,2020-02-11
734,2020-02-20,0-549,2020-02-10
735,2020-02-19,0-549,2020-02-09
736,2020-02-18,0-549,2020-02-08
737,2020-02-17,0-549,2020-02-07
738,2020-02-16,0-549,2020-02-06
739,2020-02-15,0-549,2020-02-05
740,2020-02-14,0-549,2020-02-04
741,2020-02-13,0-549,2020-02-03
742,2020-12-02,0-549,2020-11-22
743,2020-11-02,0-549,2020-10-23
744,2020-10-02,0-549,2020-09-22
745,2020-09-02,0-549,2020-08-23
746,2020-08-02,0-549,2020-07-23
747,2020-07-02,0-549,2020-06-22
748,2020-06-02,0-549,2020-05-23
749,2020-05-02,0-549,2020-04-22
750,2020-04-02,0-549,2020-03-23
751,2020-03-02,0-549,2020-02-21
752,2020-02-02,0-549,2020-01-23
753,2020-01-02,0-549,2019-12-23
754,2020-01-31,0-549,2020-01-21
755,2020-01-30,0-549,2020-01-20
756,2020-01-29,0-549,2020-01-19
757,2020-01-28,0-549,2020-01-18
758,2020-01-27,0-549,2020-01-17
759,2020-01-26,0-549,2020-01-16
760,2020-01-25,0-549,2020-01-15
761,2020-01-24,0-549,2020-01-14
762,2020-01-23,0-549,2020-01-13
