date,covid symptoms,hospitals near me,baconator,helmet,aluminium,plane,age,hen,table,digital,mutation,oppose,city,athlete,prediction,tumble,stroke,diabetes,lungs,ivermectin,hydroxychloroquine,bleach,lake
2019-12-02,0.0,51.0,19.0,72.0,27.0,31.0,39.0,14.0,74.0,71.0,18.0,30.0,48.0,41.0,7.0,61.0,50.0,68.0,42.0,1.0,0.0,15.0,35.0
2019-12-03,0.0,48.0,7.0,69.0,26.0,28.0,39.0,14.0,75.0,71.0,21.0,34.0,47.0,41.0,7.0,81.0,57.0,72.0,44.0,1.0,0.0,15.0,34.0
2019-12-04,0.0,54.0,15.0,62.0,28.0,25.0,40.0,15.0,74.0,69.0,23.0,38.0,46.0,40.0,8.0,72.0,53.0,77.0,48.0,1.0,0.0,16.0,35.0
2019-12-05,0.0,46.0,8.0,62.0,30.0,26.0,41.0,16.0,75.0,66.0,27.0,41.0,45.0,42.0,9.0,69.0,61.0,77.0,49.0,1.0,0.0,15.0,35.0
2019-12-06,0.0,46.0,27.0,69.0,28.0,25.0,40.0,15.0,70.0,67.0,26.0,29.0,46.0,42.0,8.0,70.0,56.0,71.0,45.0,1.0,0.0,15.0,36.0
2019-12-07,0.0,44.0,29.0,75.0,27.0,22.0,41.0,17.0,63.0,63.0,10.0,14.0,46.0,31.0,9.0,74.0,47.0,61.0,34.0,1.0,0.0,18.0,37.0
2019-12-08,0.0,52.0,38.0,91.0,29.0,23.0,52.0,20.0,67.0,59.0,12.0,17.0,41.0,37.0,9.0,74.0,50.0,58.0,34.0,1.0,0.0,18.0,33.0
2019-12-09,0.0,66.0,15.0,69.0,23.0,25.0,46.0,16.0,71.0,62.0,22.0,34.0,47.0,52.0,7.0,72.0,53.0,70.0,41.0,1.0,0.0,16.0,34.0
2019-12-10,0.0,47.0,17.0,66.0,27.0,29.0,42.0,16.0,71.0,64.0,24.0,38.0,56.0,40.0,7.0,63.0,56.0,68.0,44.0,1.0,0.0,15.0,34.0
2019-12-11,0.0,39.0,15.0,66.0,26.0,29.0,41.0,16.0,72.0,69.0,23.0,41.0,55.0,53.0,7.0,79.0,53.0,77.0,46.0,0.0,0.0,15.0,33.0
2019-12-12,0.0,56.0,19.0,62.0,26.0,26.0,41.0,16.0,71.0,64.0,24.0,40.0,47.0,44.0,8.0,69.0,57.0,68.0,41.0,1.0,0.0,15.0,35.0
2019-12-13,0.0,41.0,17.0,66.0,24.0,26.0,40.0,14.0,65.0,64.0,22.0,31.0,46.0,38.0,6.0,78.0,52.0,65.0,42.0,1.0,0.0,16.0,36.0
2019-12-14,0.0,54.0,21.0,78.0,17.0,24.0,42.0,17.0,60.0,64.0,9.0,15.0,44.0,37.0,9.0,73.0,45.0,53.0,33.0,1.0,0.0,16.0,38.0
2019-12-15,0.0,50.0,12.0,81.0,25.0,25.0,46.0,22.0,66.0,63.0,10.0,19.0,46.0,35.0,7.0,63.0,46.0,52.0,34.0,1.0,0.0,17.0,36.0
2019-12-16,0.0,54.0,15.0,72.0,26.0,26.0,41.0,16.0,71.0,65.0,18.0,29.0,47.0,40.0,7.0,80.0,53.0,67.0,42.0,1.0,0.0,15.0,36.0
2019-12-17,0.0,55.0,19.0,66.0,31.0,27.0,42.0,18.0,70.0,67.0,21.0,36.0,47.0,36.0,8.0,69.0,53.0,67.0,42.0,1.0,0.0,15.0,37.0
2019-12-18,0.0,47.0,9.0,66.0,22.0,26.0,42.0,16.0,67.0,64.0,20.0,39.0,45.0,37.0,7.0,63.0,47.0,67.0,41.0,1.0,0.0,15.0,35.0
2019-12-19,0.0,63.0,17.0,59.0,24.0,26.0,40.0,15.0,61.0,61.0,17.0,26.0,44.0,34.0,8.0,80.0,49.0,57.0,39.0,1.0,0.0,14.0,34.0
2019-12-20,0.0,59.0,5.0,69.0,26.0,24.0,43.0,16.0,57.0,66.0,12.0,15.0,47.0,33.0,9.0,65.0,49.0,59.0,32.0,1.0,0.0,15.0,37.0
2019-12-21,0.0,55.0,11.0,66.0,17.0,26.0,46.0,20.0,56.0,60.0,5.0,12.0,45.0,33.0,9.0,69.0,46.0,51.0,35.0,0.0,0.0,18.0,39.0
2019-12-22,0.0,58.0,19.0,81.0,25.0,26.0,48.0,25.0,58.0,61.0,5.0,6.0,42.0,29.0,8.0,65.0,47.0,49.0,32.0,1.0,0.0,18.0,38.0
2019-12-23,0.0,58.0,10.0,72.0,22.0,25.0,42.0,21.0,55.0,62.0,7.0,9.0,49.0,28.0,7.0,51.0,47.0,58.0,33.0,1.0,0.0,16.0,41.0
2019-12-24,0.0,55.0,11.0,69.0,21.0,24.0,45.0,27.0,52.0,58.0,7.0,7.0,44.0,27.0,7.0,52.0,46.0,53.0,36.0,1.0,0.0,17.0,38.0
2019-12-25,0.0,60.0,9.0,69.0,20.0,26.0,47.0,40.0,42.0,66.0,4.0,2.0,40.0,32.0,7.0,60.0,45.0,42.0,32.0,1.0,0.0,14.0,37.0
2019-12-26,0.0,53.0,11.0,72.0,27.0,25.0,46.0,20.0,60.0,67.0,6.0,9.0,51.0,40.0,9.0,59.0,46.0,59.0,31.0,1.0,0.0,16.0,45.0
2019-12-27,0.0,75.0,16.0,66.0,19.0,30.0,50.0,16.0,62.0,63.0,8.0,10.0,53.0,32.0,13.0,66.0,46.0,59.0,35.0,1.0,0.0,18.0,44.0
2019-12-28,0.0,65.0,8.0,75.0,23.0,78.0,55.0,20.0,62.0,58.0,6.0,8.0,49.0,44.0,12.0,52.0,49.0,55.0,39.0,1.0,0.0,20.0,43.0
2019-12-29,0.0,59.0,15.0,94.0,23.0,61.0,54.0,18.0,63.0,54.0,5.0,4.0,48.0,46.0,9.0,58.0,45.0,52.0,34.0,1.0,0.0,19.0,42.0
2019-12-30,0.0,58.0,13.0,66.0,26.0,35.0,50.0,17.0,59.0,60.0,7.0,4.0,53.0,47.0,9.0,49.0,45.0,62.0,37.0,1.0,0.0,17.0,43.0
2019-12-31,0.0,60.0,8.0,69.0,25.0,27.0,48.0,19.0,54.0,54.0,6.0,8.0,52.0,40.0,11.0,59.0,47.0,56.0,37.0,1.0,0.0,19.0,41.0
2020-01-01,0.0,60.0,9.0,80.0,20.0,28.0,63.0,23.0,55.0,52.0,5.0,6.0,48.0,37.0,11.0,80.0,46.0,54.0,32.0,1.0,0.0,17.0,43.0
2020-01-02,0.0,66.0,13.0,65.0,23.0,26.0,50.0,15.0,62.0,60.0,9.0,9.0,49.0,35.0,10.0,100.0,47.0,66.0,34.0,1.0,0.0,18.0,46.0
2020-01-03,0.0,59.0,14.0,62.0,27.0,26.0,56.0,16.0,58.0,63.0,10.0,10.0,48.0,39.0,10.0,89.0,48.0,66.0,38.0,1.0,0.0,17.0,44.0
2020-01-04,0.0,56.0,10.0,72.0,26.0,28.0,58.0,18.0,61.0,61.0,8.0,11.0,46.0,34.0,10.0,63.0,45.0,59.0,41.0,1.0,0.0,19.0,45.0
2020-01-05,0.0,84.0,21.0,81.0,21.0,29.0,59.0,19.0,64.0,59.0,5.0,6.0,43.0,39.0,9.0,61.0,48.0,58.0,36.0,1.0,0.0,19.0,40.0
2020-01-06,0.0,74.0,16.0,68.0,21.0,28.0,53.0,14.0,61.0,61.0,16.0,17.0,48.0,39.0,9.0,62.0,53.0,66.0,41.0,1.0,0.0,16.0,42.0
2020-01-07,0.0,72.0,24.0,64.0,28.0,28.0,47.0,15.0,62.0,65.0,16.0,26.0,50.0,41.0,8.0,54.0,54.0,73.0,41.0,1.0,0.0,17.0,41.0
2020-01-08,0.0,57.0,16.0,59.0,28.0,87.0,46.0,14.0,63.0,65.0,18.0,32.0,46.0,41.0,7.0,57.0,50.0,76.0,44.0,1.0,0.0,16.0,39.0
2020-01-09,0.0,71.0,20.0,59.0,28.0,84.0,44.0,16.0,62.0,65.0,22.0,33.0,48.0,39.0,7.0,72.0,53.0,78.0,44.0,1.0,0.0,16.0,39.0
2020-01-10,0.0,60.0,17.0,59.0,25.0,67.0,42.0,17.0,61.0,62.0,18.0,29.0,47.0,39.0,8.0,66.0,51.0,70.0,45.0,1.0,0.0,17.0,41.0
2020-01-11,0.0,47.0,16.0,69.0,28.0,48.0,47.0,22.0,62.0,61.0,9.0,9.0,49.0,34.0,9.0,72.0,47.0,61.0,38.0,1.0,0.0,20.0,44.0
2020-01-12,0.0,48.0,14.0,77.0,25.0,36.0,50.0,18.0,64.0,55.0,9.0,7.0,59.0,38.0,8.0,63.0,48.0,56.0,37.0,1.0,0.0,20.0,40.0
2020-01-13,0.0,57.0,11.0,65.0,26.0,30.0,46.0,16.0,65.0,63.0,19.0,26.0,54.0,41.0,9.0,69.0,51.0,74.0,42.0,1.0,0.0,16.0,43.0
2020-01-14,0.0,65.0,10.0,65.0,33.0,30.0,45.0,16.0,65.0,62.0,22.0,30.0,47.0,45.0,8.0,63.0,53.0,74.0,45.0,1.0,0.0,16.0,41.0
2020-01-15,0.0,60.0,16.0,62.0,34.0,32.0,48.0,16.0,65.0,65.0,24.0,31.0,50.0,48.0,7.0,59.0,56.0,75.0,46.0,1.0,0.0,17.0,41.0
2020-01-16,0.0,60.0,12.0,56.0,37.0,29.0,43.0,14.0,65.0,65.0,23.0,35.0,48.0,45.0,7.0,62.0,52.0,75.0,47.0,1.0,0.0,16.0,41.0
2020-01-17,0.0,60.0,21.0,59.0,28.0,29.0,44.0,13.0,63.0,63.0,22.0,25.0,50.0,45.0,7.0,66.0,51.0,68.0,45.0,1.0,0.0,17.0,43.0
2020-01-18,0.0,52.0,22.0,69.0,24.0,27.0,48.0,17.0,64.0,64.0,7.0,7.0,50.0,37.0,8.0,83.0,50.0,61.0,39.0,1.0,0.0,19.0,44.0
2020-01-19,0.0,50.0,20.0,71.0,29.0,27.0,52.0,17.0,64.0,58.0,9.0,5.0,64.0,41.0,10.0,68.0,46.0,55.0,39.0,1.0,0.0,20.0,42.0
2020-01-20,0.0,70.0,17.0,72.0,28.0,25.0,50.0,16.0,62.0,58.0,12.0,12.0,56.0,40.0,7.0,67.0,52.0,66.0,40.0,1.0,0.0,17.0,43.0
2020-01-21,0.0,58.0,17.0,63.0,27.0,26.0,45.0,14.0,68.0,62.0,24.0,40.0,51.0,47.0,7.0,51.0,54.0,79.0,43.0,0.0,0.0,17.0,40.0
2020-01-22,0.0,66.0,28.0,59.0,33.0,26.0,43.0,15.0,72.0,64.0,27.0,36.0,51.0,44.0,8.0,65.0,54.0,77.0,49.0,0.0,0.0,17.0,40.0
2020-01-23,0.0,62.0,17.0,59.0,25.0,29.0,43.0,13.0,68.0,63.0,28.0,38.0,48.0,42.0,7.0,61.0,58.0,74.0,47.0,1.0,0.0,17.0,40.0
2020-01-24,0.0,53.0,11.0,56.0,31.0,27.0,43.0,16.0,65.0,62.0,26.0,26.0,49.0,48.0,7.0,67.0,56.0,72.0,48.0,1.0,0.0,16.0,41.0
2020-01-25,0.0,53.0,24.0,65.0,22.0,25.0,47.0,19.0,60.0,55.0,11.0,15.0,46.0,38.0,8.0,68.0,50.0,58.0,36.0,1.0,0.0,21.0,45.0
2020-01-26,0.0,44.0,14.0,59.0,21.0,87.0,62.0,18.0,60.0,52.0,13.0,9.0,40.0,47.0,8.0,68.0,47.0,56.0,38.0,1.0,0.0,19.0,39.0
2020-01-27,0.0,55.0,14.0,50.0,28.0,100.0,58.0,14.0,65.0,59.0,21.0,29.0,45.0,55.0,9.0,63.0,50.0,68.0,45.0,1.0,0.0,18.0,38.0
2020-01-28,0.0,51.0,16.0,58.0,23.0,55.0,46.0,15.0,67.0,63.0,27.0,30.0,48.0,55.0,9.0,55.0,55.0,73.0,52.0,0.0,0.0,18.0,39.0
2020-01-29,0.0,56.0,14.0,56.0,28.0,44.0,43.0,15.0,65.0,63.0,28.0,36.0,49.0,53.0,9.0,55.0,58.0,75.0,48.0,1.0,0.0,17.0,38.0
2020-01-30,0.0,66.0,17.0,58.0,33.0,33.0,42.0,14.0,66.0,63.0,29.0,33.0,48.0,42.0,10.0,66.0,56.0,75.0,44.0,1.0,0.0,17.0,39.0
2020-01-31,0.0,65.0,18.0,62.0,28.0,30.0,42.0,14.0,65.0,63.0,25.0,37.0,50.0,45.0,11.0,61.0,52.0,66.0,49.0,0.0,0.0,18.0,40.0
2020-02-01,0.0,56.0,17.0,61.0,25.0,29.0,46.0,18.0,62.0,58.0,12.0,20.0,46.0,40.0,11.0,77.0,46.0,62.0,40.0,1.0,0.0,20.0,45.0
2020-02-02,0.0,60.0,11.0,72.0,31.0,28.0,51.0,17.0,65.0,55.0,13.0,11.0,51.0,46.0,18.0,60.0,46.0,51.0,40.0,1.0,0.0,20.0,39.0
2020-02-03,0.0,53.0,11.0,60.0,25.0,25.0,100.0,14.0,62.0,56.0,27.0,30.0,100.0,50.0,10.0,50.0,50.0,65.0,46.0,1.0,0.0,16.0,38.0
2020-02-04,0.0,76.0,22.0,50.0,28.0,27.0,48.0,14.0,69.0,61.0,30.0,36.0,58.0,42.0,9.0,55.0,56.0,77.0,51.0,1.0,0.0,17.0,40.0
2020-02-05,0.0,58.0,31.0,50.0,25.0,28.0,49.0,15.0,67.0,62.0,30.0,37.0,51.0,52.0,9.0,66.0,60.0,76.0,47.0,1.0,0.0,17.0,38.0
2020-02-06,0.0,56.0,30.0,55.0,31.0,28.0,46.0,14.0,67.0,63.0,30.0,36.0,49.0,53.0,9.0,69.0,52.0,79.0,45.0,1.0,0.0,16.0,40.0
2020-02-07,0.0,61.0,20.0,50.0,30.0,28.0,43.0,15.0,63.0,64.0,25.0,34.0,49.0,41.0,7.0,83.0,52.0,72.0,42.0,1.0,0.0,17.0,43.0
2020-02-08,0.0,60.0,27.0,59.0,24.0,26.0,50.0,18.0,61.0,61.0,11.0,11.0,47.0,37.0,8.0,72.0,50.0,61.0,39.0,1.0,0.0,19.0,45.0
2020-02-09,0.0,40.0,17.0,64.0,21.0,28.0,51.0,19.0,67.0,58.0,12.0,18.0,45.0,43.0,9.0,44.0,53.0,60.0,38.0,1.0,0.0,20.0,45.0
2020-02-10,0.0,59.0,14.0,53.0,31.0,27.0,56.0,12.0,69.0,64.0,26.0,29.0,47.0,48.0,7.0,73.0,59.0,73.0,46.0,1.0,0.0,16.0,42.0
2020-02-11,0.0,65.0,15.0,56.0,30.0,26.0,45.0,14.0,72.0,68.0,32.0,41.0,48.0,49.0,8.0,59.0,59.0,80.0,53.0,1.0,0.0,17.0,41.0
2020-02-12,0.0,60.0,10.0,56.0,27.0,26.0,46.0,15.0,69.0,63.0,32.0,36.0,48.0,58.0,8.0,60.0,57.0,79.0,50.0,1.0,0.0,18.0,42.0
2020-02-13,0.0,65.0,19.0,49.0,23.0,28.0,43.0,14.0,69.0,62.0,27.0,32.0,48.0,55.0,7.0,52.0,58.0,75.0,46.0,1.0,0.0,15.0,42.0
2020-02-14,0.0,52.0,23.0,53.0,25.0,26.0,41.0,16.0,67.0,61.0,21.0,26.0,52.0,35.0,7.0,62.0,54.0,70.0,39.0,1.0,0.0,18.0,44.0
2020-02-15,0.0,67.0,18.0,56.0,25.0,26.0,46.0,20.0,62.0,61.0,12.0,13.0,49.0,38.0,8.0,45.0,51.0,59.0,36.0,1.0,0.0,19.0,46.0
2020-02-16,0.0,52.0,30.0,69.0,26.0,29.0,52.0,17.0,69.0,55.0,11.0,13.0,45.0,39.0,8.0,60.0,53.0,61.0,39.0,1.0,0.0,21.0,46.0
2020-02-17,0.0,56.0,25.0,62.0,25.0,28.0,48.0,17.0,70.0,59.0,16.0,23.0,48.0,41.0,6.0,58.0,58.0,71.0,45.0,1.0,0.0,18.0,47.0
2020-02-18,0.0,65.0,16.0,59.0,26.0,28.0,47.0,14.0,68.0,58.0,27.0,33.0,48.0,50.0,7.0,55.0,61.0,76.0,47.0,1.0,0.0,18.0,42.0
2020-02-19,0.0,50.0,20.0,59.0,30.0,27.0,49.0,15.0,68.0,62.0,29.0,33.0,48.0,53.0,8.0,61.0,54.0,80.0,50.0,1.0,0.0,17.0,42.0
2020-02-20,0.0,50.0,12.0,56.0,28.0,27.0,49.0,14.0,66.0,59.0,29.0,42.0,47.0,55.0,7.0,64.0,54.0,76.0,50.0,1.0,0.0,15.0,41.0
2020-02-21,0.0,66.0,12.0,55.0,30.0,27.0,46.0,16.0,65.0,58.0,26.0,29.0,49.0,50.0,6.0,67.0,57.0,74.0,45.0,1.0,0.0,19.0,44.0
2020-02-22,0.0,43.0,20.0,68.0,25.0,25.0,54.0,18.0,65.0,58.0,10.0,14.0,49.0,37.0,8.0,54.0,50.0,58.0,39.0,1.0,0.0,23.0,48.0
2020-02-23,0.0,64.0,14.0,69.0,24.0,28.0,55.0,20.0,69.0,55.0,15.0,17.0,44.0,36.0,8.0,53.0,56.0,66.0,42.0,1.0,0.0,21.0,45.0
2020-02-24,1.0,50.0,13.0,53.0,24.0,27.0,49.0,14.0,70.0,59.0,29.0,30.0,48.0,51.0,7.0,65.0,58.0,74.0,54.0,1.0,0.0,17.0,42.0
2020-02-25,1.0,60.0,22.0,55.0,24.0,26.0,47.0,15.0,69.0,61.0,29.0,31.0,48.0,44.0,8.0,79.0,58.0,82.0,54.0,1.0,0.0,18.0,42.0
2020-02-26,1.0,59.0,44.0,54.0,32.0,26.0,45.0,15.0,66.0,60.0,29.0,48.0,51.0,44.0,8.0,59.0,55.0,78.0,53.0,1.0,0.0,18.0,40.0
2020-02-27,2.0,60.0,32.0,53.0,28.0,27.0,45.0,14.0,66.0,60.0,30.0,41.0,48.0,44.0,8.0,69.0,54.0,78.0,51.0,1.0,0.0,21.0,41.0
2020-02-28,2.0,51.0,41.0,57.0,24.0,28.0,45.0,14.0,65.0,61.0,29.0,26.0,52.0,38.0,8.0,70.0,56.0,70.0,48.0,1.0,0.0,22.0,43.0
2020-02-29,3.0,54.0,45.0,63.0,22.0,25.0,49.0,17.0,65.0,57.0,12.0,13.0,49.0,35.0,9.0,74.0,52.0,66.0,42.0,1.0,0.0,25.0,47.0
2020-03-01,3.0,49.0,52.0,68.0,36.0,27.0,53.0,20.0,67.0,56.0,15.0,10.0,47.0,40.0,9.0,75.0,48.0,60.0,40.0,1.0,0.0,25.0,44.0
2020-03-02,4.0,49.0,74.0,59.0,28.0,26.0,52.0,13.0,65.0,58.0,29.0,38.0,48.0,41.0,7.0,72.0,58.0,77.0,52.0,1.0,0.0,23.0,42.0
2020-03-03,4.0,53.0,64.0,54.0,27.0,28.0,50.0,16.0,65.0,61.0,29.0,37.0,48.0,42.0,8.0,66.0,56.0,74.0,51.0,1.0,0.0,21.0,42.0
2020-03-04,4.0,60.0,57.0,55.0,30.0,27.0,53.0,13.0,64.0,58.0,36.0,36.0,48.0,42.0,8.0,67.0,55.0,74.0,50.0,1.0,0.0,21.0,39.0
2020-03-05,4.0,53.0,43.0,57.0,29.0,28.0,50.0,15.0,65.0,61.0,39.0,37.0,48.0,41.0,8.0,61.0,58.0,75.0,53.0,1.0,0.0,23.0,40.0
2020-03-06,6.0,54.0,60.0,55.0,31.0,26.0,47.0,15.0,61.0,61.0,36.0,32.0,48.0,38.0,8.0,64.0,50.0,72.0,51.0,1.0,0.0,26.0,41.0
2020-03-07,8.0,48.0,52.0,62.0,29.0,26.0,50.0,18.0,61.0,57.0,14.0,14.0,47.0,32.0,9.0,55.0,51.0,64.0,42.0,1.0,0.0,30.0,46.0
2020-03-08,8.0,49.0,57.0,66.0,33.0,29.0,53.0,19.0,67.0,59.0,17.0,24.0,47.0,36.0,8.0,62.0,48.0,60.0,44.0,1.0,0.0,31.0,44.0
2020-03-09,11.0,57.0,37.0,53.0,24.0,29.0,47.0,14.0,62.0,60.0,30.0,39.0,48.0,41.0,8.0,69.0,54.0,72.0,55.0,1.0,0.0,26.0,42.0
2020-03-10,13.0,60.0,27.0,53.0,28.0,29.0,47.0,15.0,58.0,58.0,31.0,40.0,48.0,37.0,8.0,54.0,52.0,75.0,58.0,1.0,0.0,27.0,39.0
2020-03-11,16.0,62.0,32.0,53.0,28.0,35.0,49.0,15.0,58.0,59.0,33.0,29.0,46.0,35.0,9.0,57.0,51.0,75.0,60.0,1.0,1.0,31.0,37.0
2020-03-12,33.0,52.0,28.0,44.0,32.0,37.0,53.0,12.0,50.0,54.0,30.0,23.0,48.0,35.0,14.0,58.0,46.0,87.0,73.0,0.0,1.0,41.0,36.0
2020-03-13,38.0,55.0,50.0,41.0,22.0,35.0,45.0,14.0,45.0,61.0,26.0,17.0,48.0,27.0,14.0,42.0,40.0,72.0,75.0,1.0,1.0,48.0,38.0
2020-03-14,38.0,60.0,32.0,50.0,22.0,32.0,50.0,18.0,49.0,63.0,15.0,9.0,45.0,28.0,12.0,64.0,44.0,64.0,83.0,1.0,1.0,56.0,40.0
2020-03-15,39.0,70.0,28.0,50.0,26.0,28.0,53.0,19.0,50.0,58.0,18.0,10.0,42.0,27.0,10.0,55.0,44.0,64.0,78.0,1.0,1.0,52.0,39.0
2020-03-16,48.0,70.0,29.0,43.0,22.0,23.0,49.0,15.0,46.0,58.0,20.0,24.0,50.0,23.0,10.0,60.0,40.0,64.0,70.0,1.0,2.0,50.0,35.0
2020-03-17,43.0,72.0,28.0,40.0,23.0,21.0,45.0,17.0,45.0,61.0,22.0,20.0,47.0,29.0,9.0,53.0,39.0,65.0,74.0,1.0,9.0,46.0,35.0
2020-03-18,48.0,54.0,23.0,43.0,24.0,19.0,47.0,16.0,46.0,61.0,30.0,28.0,50.0,30.0,12.0,57.0,39.0,66.0,83.0,1.0,7.0,59.0,51.0
2020-03-19,57.0,65.0,19.0,44.0,28.0,18.0,46.0,17.0,48.0,62.0,32.0,34.0,44.0,52.0,9.0,66.0,39.0,66.0,79.0,1.0,47.0,57.0,37.0
2020-03-20,63.0,46.0,25.0,43.0,20.0,17.0,45.0,16.0,46.0,66.0,29.0,23.0,45.0,26.0,8.0,56.0,39.0,60.0,88.0,1.0,37.0,53.0,33.0
2020-03-21,56.0,55.0,24.0,50.0,24.0,18.0,51.0,21.0,46.0,66.0,19.0,11.0,41.0,24.0,9.0,63.0,42.0,57.0,93.0,1.0,36.0,63.0,37.0
2020-03-22,56.0,55.0,23.0,53.0,25.0,18.0,55.0,24.0,50.0,65.0,18.0,15.0,39.0,22.0,8.0,59.0,43.0,54.0,95.0,1.0,28.0,61.0,36.0
2020-03-23,59.0,53.0,15.0,47.0,24.0,16.0,47.0,17.0,50.0,64.0,25.0,33.0,42.0,32.0,8.0,67.0,40.0,62.0,88.0,1.0,30.0,51.0,32.0
2020-03-24,61.0,47.0,17.0,47.0,29.0,16.0,49.0,17.0,51.0,78.0,27.0,38.0,42.0,29.0,7.0,63.0,42.0,64.0,86.0,1.0,35.0,50.0,32.0
2020-03-25,55.0,42.0,17.0,47.0,25.0,16.0,48.0,17.0,54.0,69.0,28.0,27.0,41.0,33.0,7.0,78.0,47.0,61.0,91.0,1.0,20.0,50.0,33.0
2020-03-26,50.0,51.0,22.0,50.0,23.0,17.0,46.0,20.0,55.0,67.0,26.0,31.0,39.0,34.0,7.0,78.0,46.0,62.0,100.0,1.0,16.0,52.0,35.0
2020-03-27,48.0,40.0,26.0,55.0,29.0,17.0,46.0,18.0,56.0,66.0,27.0,39.0,41.0,27.0,8.0,58.0,47.0,61.0,91.0,1.0,14.0,54.0,35.0
2020-03-28,46.0,42.0,21.0,58.0,24.0,17.0,51.0,22.0,54.0,62.0,18.0,18.0,38.0,27.0,8.0,73.0,55.0,52.0,92.0,1.0,16.0,62.0,37.0
2020-03-29,44.0,57.0,19.0,62.0,25.0,20.0,53.0,23.0,58.0,63.0,16.0,11.0,36.0,28.0,8.0,54.0,51.0,57.0,89.0,1.0,17.0,59.0,38.0
2020-03-30,46.0,45.0,13.0,50.0,37.0,18.0,45.0,18.0,58.0,64.0,27.0,28.0,39.0,27.0,8.0,63.0,48.0,61.0,93.0,1.0,24.0,54.0,34.0
2020-03-31,44.0,49.0,21.0,50.0,24.0,17.0,45.0,20.0,59.0,66.0,27.0,34.0,40.0,30.0,8.0,70.0,48.0,59.0,96.0,1.0,22.0,53.0,33.0
2020-04-01,45.0,44.0,24.0,59.0,23.0,18.0,45.0,17.0,58.0,66.0,27.0,32.0,38.0,33.0,8.0,66.0,47.0,63.0,88.0,1.0,15.0,55.0,33.0
2020-04-02,43.0,42.0,15.0,59.0,30.0,21.0,44.0,19.0,58.0,66.0,27.0,38.0,38.0,39.0,7.0,71.0,48.0,66.0,93.0,1.0,18.0,55.0,33.0
2020-04-03,40.0,62.0,20.0,56.0,26.0,20.0,43.0,18.0,61.0,68.0,28.0,30.0,38.0,37.0,7.0,61.0,46.0,63.0,86.0,4.0,17.0,54.0,33.0
2020-04-04,41.0,55.0,15.0,68.0,27.0,19.0,49.0,27.0,61.0,73.0,18.0,17.0,36.0,28.0,8.0,62.0,46.0,56.0,85.0,28.0,26.0,66.0,36.0
2020-04-05,39.0,41.0,38.0,66.0,33.0,19.0,55.0,26.0,61.0,70.0,15.0,18.0,34.0,30.0,7.0,69.0,52.0,57.0,83.0,32.0,31.0,62.0,36.0
2020-04-06,37.0,51.0,21.0,56.0,28.0,17.0,48.0,19.0,61.0,64.0,28.0,35.0,37.0,41.0,8.0,71.0,50.0,63.0,86.0,19.0,44.0,51.0,33.0
2020-04-07,35.0,65.0,20.0,58.0,32.0,18.0,45.0,21.0,62.0,65.0,25.0,36.0,37.0,35.0,7.0,69.0,54.0,63.0,98.0,12.0,48.0,49.0,35.0
2020-04-08,31.0,62.0,20.0,59.0,27.0,18.0,45.0,21.0,64.0,64.0,26.0,40.0,38.0,31.0,7.0,54.0,52.0,70.0,85.0,8.0,38.0,49.0,34.0
2020-04-09,29.0,65.0,21.0,62.0,26.0,19.0,46.0,24.0,64.0,64.0,26.0,34.0,39.0,36.0,7.0,74.0,52.0,64.0,82.0,8.0,26.0,46.0,33.0
2020-04-10,29.0,34.0,22.0,57.0,26.0,18.0,44.0,25.0,58.0,64.0,20.0,22.0,38.0,32.0,7.0,80.0,53.0,62.0,70.0,5.0,18.0,47.0,35.0
2020-04-11,27.0,33.0,24.0,66.0,25.0,17.0,48.0,27.0,59.0,60.0,14.0,15.0,35.0,34.0,7.0,65.0,51.0,56.0,62.0,4.0,14.0,51.0,37.0
2020-04-12,26.0,37.0,8.0,68.0,31.0,18.0,50.0,40.0,61.0,56.0,14.0,14.0,32.0,31.0,7.0,51.0,53.0,50.0,59.0,4.0,12.0,42.0,34.0
2020-04-13,26.0,39.0,16.0,57.0,29.0,18.0,45.0,19.0,66.0,62.0,24.0,34.0,39.0,35.0,6.0,70.0,52.0,64.0,66.0,3.0,13.0,40.0,33.0
2020-04-14,26.0,50.0,20.0,58.0,28.0,17.0,45.0,21.0,66.0,63.0,28.0,42.0,39.0,35.0,6.0,74.0,56.0,63.0,64.0,7.0,13.0,43.0,33.0
2020-04-15,23.0,49.0,21.0,61.0,25.0,18.0,43.0,19.0,66.0,61.0,30.0,39.0,38.0,35.0,5.0,76.0,50.0,62.0,62.0,5.0,10.0,41.0,33.0
2020-04-16,24.0,37.0,16.0,61.0,28.0,22.0,44.0,22.0,69.0,62.0,30.0,41.0,37.0,37.0,5.0,66.0,53.0,69.0,63.0,4.0,9.0,43.0,34.0
2020-04-17,23.0,44.0,20.0,65.0,29.0,19.0,45.0,20.0,70.0,65.0,26.0,43.0,38.0,34.0,6.0,64.0,50.0,61.0,58.0,4.0,8.0,42.0,35.0
2020-04-18,23.0,53.0,32.0,73.0,35.0,18.0,48.0,27.0,70.0,63.0,14.0,19.0,35.0,29.0,5.0,80.0,53.0,55.0,55.0,3.0,7.0,47.0,39.0
2020-04-19,21.0,45.0,16.0,75.0,27.0,20.0,54.0,27.0,75.0,61.0,14.0,24.0,36.0,34.0,6.0,74.0,55.0,61.0,55.0,2.0,5.0,47.0,40.0
2020-04-20,21.0,55.0,11.0,69.0,30.0,18.0,45.0,21.0,71.0,62.0,29.0,43.0,39.0,37.0,6.0,72.0,53.0,62.0,55.0,2.0,6.0,37.0,36.0
2020-04-21,21.0,45.0,29.0,66.0,31.0,19.0,46.0,22.0,69.0,63.0,31.0,35.0,39.0,40.0,6.0,68.0,55.0,65.0,57.0,2.0,9.0,40.0,36.0
2020-04-22,22.0,51.0,14.0,59.0,27.0,19.0,46.0,22.0,70.0,65.0,32.0,32.0,38.0,32.0,6.0,74.0,56.0,68.0,57.0,3.0,15.0,40.0,36.0
2020-04-23,24.0,46.0,22.0,64.0,34.0,18.0,45.0,19.0,72.0,62.0,30.0,39.0,39.0,49.0,7.0,68.0,73.0,65.0,63.0,2.0,12.0,39.0,36.0
2020-04-24,20.0,36.0,18.0,70.0,32.0,17.0,44.0,21.0,67.0,61.0,26.0,28.0,38.0,40.0,8.0,65.0,58.0,65.0,78.0,2.0,13.0,100.0,36.0
2020-04-25,19.0,35.0,34.0,76.0,31.0,16.0,48.0,24.0,67.0,58.0,15.0,24.0,36.0,32.0,8.0,77.0,87.0,56.0,58.0,2.0,11.0,94.0,43.0
2020-04-26,22.0,44.0,32.0,74.0,36.0,18.0,52.0,28.0,76.0,58.0,16.0,21.0,33.0,32.0,5.0,66.0,83.0,61.0,51.0,2.0,6.0,72.0,44.0
2020-04-27,26.0,36.0,20.0,64.0,31.0,18.0,46.0,21.0,75.0,62.0,28.0,35.0,40.0,36.0,6.0,62.0,70.0,65.0,55.0,2.0,5.0,53.0,40.0
2020-04-28,25.0,46.0,16.0,64.0,32.0,21.0,45.0,22.0,74.0,63.0,27.0,37.0,41.0,37.0,6.0,77.0,71.0,63.0,53.0,2.0,5.0,49.0,40.0
2020-04-29,21.0,44.0,26.0,60.0,30.0,19.0,46.0,19.0,71.0,63.0,27.0,35.0,39.0,34.0,6.0,63.0,65.0,66.0,54.0,2.0,5.0,44.0,40.0
2020-04-30,19.0,38.0,26.0,69.0,26.0,19.0,49.0,20.0,72.0,63.0,29.0,35.0,41.0,40.0,6.0,64.0,61.0,64.0,52.0,1.0,5.0,44.0,41.0
2020-05-01,18.0,39.0,36.0,65.0,31.0,19.0,48.0,22.0,70.0,63.0,32.0,37.0,41.0,33.0,5.0,77.0,57.0,63.0,52.0,2.0,3.0,39.0,47.0
2020-05-02,17.0,48.0,34.0,76.0,30.0,19.0,52.0,27.0,74.0,60.0,21.0,20.0,40.0,36.0,5.0,78.0,65.0,59.0,47.0,1.0,4.0,46.0,54.0
2020-05-03,18.0,44.0,29.0,85.0,28.0,19.0,53.0,29.0,79.0,60.0,18.0,19.0,39.0,33.0,5.0,58.0,65.0,60.0,44.0,1.0,3.0,47.0,56.0
2020-05-04,18.0,49.0,35.0,75.0,34.0,19.0,45.0,22.0,76.0,63.0,26.0,38.0,43.0,39.0,5.0,73.0,64.0,66.0,53.0,1.0,3.0,37.0,47.0
2020-05-05,18.0,37.0,34.0,67.0,32.0,20.0,44.0,22.0,71.0,63.0,46.0,42.0,42.0,36.0,6.0,62.0,59.0,66.0,53.0,1.0,5.0,38.0,44.0
2020-05-06,19.0,42.0,32.0,65.0,33.0,23.0,48.0,20.0,69.0,64.0,50.0,40.0,42.0,35.0,5.0,53.0,58.0,64.0,49.0,2.0,7.0,38.0,42.0
2020-05-07,18.0,47.0,25.0,70.0,26.0,22.0,45.0,22.0,70.0,63.0,42.0,31.0,41.0,39.0,5.0,69.0,58.0,64.0,50.0,2.0,7.0,36.0,43.0
2020-05-08,18.0,33.0,19.0,71.0,35.0,21.0,44.0,19.0,69.0,65.0,32.0,33.0,43.0,37.0,5.0,69.0,56.0,60.0,51.0,1.0,5.0,34.0,45.0
2020-05-09,18.0,46.0,31.0,69.0,32.0,20.0,48.0,25.0,69.0,63.0,18.0,26.0,40.0,36.0,5.0,63.0,59.0,53.0,43.0,1.0,4.0,39.0,53.0
2020-05-10,18.0,45.0,28.0,74.0,31.0,21.0,50.0,30.0,72.0,62.0,20.0,13.0,37.0,34.0,5.0,59.0,57.0,53.0,41.0,1.0,3.0,38.0,51.0
2020-05-11,22.0,46.0,19.0,64.0,33.0,20.0,49.0,21.0,71.0,64.0,27.0,37.0,44.0,31.0,5.0,72.0,60.0,62.0,47.0,1.0,3.0,35.0,49.0
2020-05-12,20.0,56.0,19.0,67.0,32.0,23.0,46.0,21.0,70.0,61.0,26.0,45.0,44.0,37.0,5.0,71.0,57.0,62.0,51.0,2.0,4.0,35.0,47.0
2020-05-13,20.0,50.0,20.0,65.0,35.0,22.0,46.0,22.0,73.0,62.0,24.0,35.0,44.0,33.0,5.0,69.0,54.0,61.0,46.0,1.0,5.0,35.0,47.0
2020-05-14,19.0,47.0,15.0,66.0,29.0,21.0,46.0,21.0,73.0,64.0,24.0,29.0,44.0,37.0,5.0,70.0,56.0,63.0,49.0,2.0,6.0,36.0,49.0
2020-05-15,18.0,52.0,22.0,67.0,27.0,23.0,46.0,19.0,72.0,63.0,22.0,35.0,47.0,37.0,5.0,57.0,59.0,60.0,44.0,2.0,6.0,35.0,53.0
2020-05-16,18.0,43.0,19.0,79.0,31.0,21.0,49.0,23.0,74.0,58.0,12.0,25.0,43.0,31.0,5.0,61.0,59.0,52.0,39.0,2.0,5.0,40.0,62.0
2020-05-17,18.0,50.0,24.0,84.0,29.0,21.0,50.0,25.0,80.0,60.0,12.0,18.0,40.0,31.0,5.0,55.0,58.0,52.0,38.0,2.0,5.0,41.0,62.0
2020-05-18,20.0,49.0,26.0,75.0,32.0,21.0,46.0,19.0,75.0,63.0,26.0,26.0,48.0,37.0,5.0,58.0,74.0,62.0,44.0,2.0,31.0,35.0,58.0
2020-05-19,19.0,45.0,23.0,74.0,28.0,21.0,45.0,20.0,75.0,64.0,20.0,30.0,46.0,35.0,5.0,74.0,89.0,63.0,42.0,2.0,64.0,34.0,56.0
2020-05-20,19.0,46.0,25.0,71.0,31.0,21.0,44.0,21.0,73.0,64.0,22.0,33.0,47.0,34.0,5.0,65.0,70.0,64.0,44.0,2.0,26.0,34.0,58.0
2020-05-21,18.0,44.0,20.0,74.0,39.0,21.0,43.0,20.0,72.0,62.0,22.0,29.0,45.0,37.0,6.0,49.0,60.0,65.0,44.0,2.0,14.0,34.0,59.0
2020-05-22,16.0,66.0,27.0,73.0,31.0,29.0,44.0,19.0,72.0,62.0,18.0,25.0,47.0,32.0,5.0,68.0,60.0,64.0,40.0,1.0,13.0,33.0,64.0
2020-05-23,17.0,60.0,28.0,83.0,34.0,27.0,45.0,21.0,76.0,56.0,12.0,16.0,45.0,34.0,5.0,65.0,65.0,57.0,43.0,3.0,10.0,37.0,75.0
2020-05-24,16.0,59.0,27.0,80.0,31.0,23.0,48.0,24.0,83.0,59.0,10.0,14.0,45.0,25.0,5.0,56.0,66.0,53.0,35.0,3.0,7.0,39.0,84.0
2020-05-25,18.0,46.0,28.0,86.0,37.0,24.0,49.0,23.0,78.0,57.0,11.0,14.0,45.0,32.0,5.0,61.0,66.0,56.0,37.0,2.0,7.0,38.0,84.0
2020-05-26,19.0,52.0,14.0,72.0,34.0,20.0,46.0,20.0,73.0,62.0,17.0,26.0,48.0,32.0,5.0,70.0,65.0,65.0,39.0,1.0,6.0,34.0,73.0
2020-05-27,18.0,52.0,18.0,67.0,28.0,19.0,43.0,18.0,72.0,62.0,18.0,20.0,46.0,33.0,5.0,61.0,68.0,65.0,41.0,1.0,5.0,33.0,64.0
2020-05-28,19.0,53.0,19.0,63.0,36.0,20.0,44.0,17.0,68.0,64.0,16.0,19.0,46.0,35.0,4.0,51.0,67.0,64.0,41.0,1.0,5.0,32.0,63.0
2020-05-29,18.0,40.0,20.0,66.0,33.0,19.0,43.0,17.0,70.0,59.0,14.0,19.0,48.0,35.0,5.0,69.0,62.0,65.0,37.0,2.0,4.0,32.0,62.0
2020-05-30,18.0,44.0,17.0,77.0,29.0,20.0,44.0,21.0,66.0,53.0,10.0,9.0,48.0,37.0,5.0,62.0,60.0,58.0,34.0,1.0,3.0,35.0,74.0
2020-05-31,16.0,44.0,26.0,77.0,35.0,18.0,43.0,23.0,69.0,51.0,9.0,22.0,54.0,31.0,5.0,69.0,62.0,54.0,34.0,1.0,2.0,34.0,75.0
2020-06-01,18.0,38.0,19.0,66.0,30.0,18.0,39.0,21.0,63.0,55.0,16.0,20.0,56.0,34.0,6.0,54.0,57.0,62.0,31.0,1.0,2.0,27.0,63.0
2020-06-02,16.0,54.0,18.0,68.0,30.0,18.0,37.0,19.0,63.0,58.0,15.0,28.0,53.0,30.0,7.0,57.0,57.0,59.0,36.0,1.0,2.0,28.0,61.0
2020-06-03,16.0,41.0,32.0,65.0,28.0,18.0,41.0,17.0,64.0,57.0,15.0,23.0,52.0,36.0,7.0,59.0,63.0,64.0,37.0,1.0,3.0,30.0,61.0
2020-06-04,16.0,50.0,24.0,68.0,28.0,18.0,40.0,17.0,65.0,59.0,16.0,17.0,51.0,34.0,7.0,52.0,63.0,60.0,40.0,1.0,5.0,29.0,62.0
2020-06-05,17.0,53.0,31.0,67.0,29.0,19.0,41.0,20.0,66.0,58.0,14.0,24.0,51.0,33.0,6.0,67.0,59.0,60.0,33.0,1.0,5.0,29.0,68.0
2020-06-06,16.0,44.0,36.0,80.0,34.0,20.0,43.0,22.0,68.0,53.0,12.0,16.0,48.0,30.0,6.0,74.0,60.0,55.0,35.0,1.0,5.0,36.0,79.0
2020-06-07,16.0,55.0,28.0,78.0,46.0,21.0,48.0,22.0,77.0,59.0,10.0,18.0,47.0,29.0,7.0,77.0,68.0,59.0,33.0,2.0,3.0,36.0,87.0
2020-06-08,17.0,53.0,25.0,66.0,33.0,20.0,42.0,17.0,69.0,61.0,15.0,23.0,52.0,33.0,5.0,60.0,65.0,67.0,36.0,1.0,2.0,29.0,71.0
2020-06-09,18.0,51.0,32.0,71.0,33.0,19.0,44.0,19.0,65.0,59.0,15.0,21.0,50.0,33.0,6.0,62.0,65.0,69.0,39.0,2.0,2.0,30.0,67.0
2020-06-10,17.0,50.0,38.0,69.0,32.0,19.0,43.0,19.0,69.0,61.0,16.0,33.0,50.0,32.0,6.0,52.0,62.0,68.0,35.0,2.0,2.0,31.0,66.0
2020-06-11,17.0,50.0,46.0,66.0,32.0,20.0,41.0,17.0,68.0,67.0,14.0,24.0,51.0,37.0,6.0,70.0,63.0,65.0,38.0,2.0,2.0,31.0,66.0
2020-06-12,18.0,58.0,52.0,69.0,31.0,19.0,42.0,19.0,66.0,64.0,14.0,27.0,51.0,39.0,5.0,59.0,57.0,62.0,43.0,1.0,2.0,27.0,74.0
2020-06-13,18.0,59.0,52.0,79.0,31.0,20.0,47.0,20.0,70.0,61.0,14.0,15.0,50.0,41.0,5.0,63.0,61.0,60.0,38.0,1.0,2.0,34.0,86.0
2020-06-14,19.0,54.0,44.0,81.0,40.0,21.0,50.0,21.0,76.0,57.0,12.0,9.0,47.0,34.0,5.0,63.0,72.0,58.0,40.0,1.0,2.0,33.0,87.0
2020-06-15,25.0,50.0,26.0,67.0,30.0,20.0,45.0,18.0,69.0,61.0,16.0,18.0,49.0,34.0,5.0,69.0,68.0,66.0,40.0,1.0,5.0,31.0,72.0
2020-06-16,26.0,63.0,33.0,68.0,32.0,19.0,42.0,19.0,67.0,61.0,15.0,18.0,51.0,35.0,5.0,60.0,60.0,68.0,38.0,2.0,6.0,36.0,71.0
2020-06-17,28.0,61.0,28.0,72.0,38.0,20.0,44.0,19.0,69.0,62.0,14.0,19.0,52.0,35.0,5.0,54.0,62.0,70.0,38.0,2.0,3.0,32.0,71.0
2020-06-18,28.0,75.0,43.0,72.0,29.0,20.0,44.0,20.0,70.0,69.0,13.0,20.0,51.0,35.0,5.0,50.0,62.0,74.0,37.0,1.0,3.0,32.0,71.0
2020-06-19,25.0,55.0,31.0,72.0,32.0,20.0,44.0,20.0,68.0,59.0,14.0,18.0,51.0,35.0,5.0,60.0,58.0,66.0,36.0,2.0,2.0,31.0,74.0
2020-06-20,23.0,51.0,43.0,77.0,30.0,21.0,46.0,21.0,72.0,59.0,10.0,14.0,49.0,33.0,5.0,58.0,63.0,57.0,34.0,1.0,2.0,34.0,84.0
2020-06-21,23.0,58.0,45.0,81.0,35.0,22.0,50.0,23.0,71.0,57.0,10.0,22.0,46.0,37.0,5.0,55.0,62.0,61.0,32.0,2.0,2.0,33.0,84.0
2020-06-22,30.0,55.0,33.0,68.0,33.0,21.0,45.0,18.0,70.0,60.0,16.0,17.0,52.0,37.0,5.0,54.0,64.0,68.0,39.0,2.0,2.0,31.0,77.0
2020-06-23,34.0,62.0,35.0,71.0,38.0,21.0,43.0,19.0,71.0,60.0,15.0,17.0,54.0,39.0,5.0,51.0,63.0,71.0,38.0,1.0,2.0,33.0,72.0
2020-06-24,35.0,61.0,30.0,67.0,28.0,20.0,42.0,17.0,71.0,62.0,16.0,17.0,51.0,52.0,5.0,59.0,63.0,68.0,38.0,2.0,2.0,31.0,71.0
2020-06-25,38.0,63.0,51.0,63.0,38.0,21.0,43.0,16.0,72.0,66.0,15.0,21.0,52.0,62.0,6.0,47.0,59.0,68.0,41.0,2.0,2.0,29.0,71.0
2020-06-26,42.0,62.0,42.0,66.0,23.0,19.0,45.0,17.0,68.0,61.0,15.0,17.0,53.0,62.0,5.0,43.0,61.0,70.0,42.0,1.0,2.0,33.0,78.0
2020-06-27,43.0,63.0,50.0,78.0,35.0,22.0,47.0,22.0,73.0,57.0,10.0,11.0,50.0,71.0,7.0,56.0,65.0,56.0,38.0,2.0,2.0,32.0,83.0
2020-06-28,43.0,59.0,42.0,74.0,30.0,22.0,49.0,22.0,80.0,57.0,11.0,11.0,48.0,72.0,6.0,62.0,64.0,62.0,36.0,2.0,2.0,36.0,86.0
2020-06-29,49.0,64.0,22.0,69.0,31.0,19.0,44.0,16.0,71.0,61.0,16.0,19.0,51.0,60.0,5.0,44.0,60.0,69.0,40.0,2.0,2.0,29.0,80.0
2020-06-30,48.0,51.0,33.0,65.0,33.0,19.0,42.0,17.0,67.0,63.0,20.0,17.0,51.0,64.0,6.0,71.0,66.0,67.0,42.0,2.0,2.0,28.0,75.0
2020-07-01,47.0,61.0,37.0,63.0,32.0,19.0,43.0,18.0,70.0,60.0,14.0,16.0,54.0,52.0,5.0,57.0,60.0,67.0,42.0,2.0,2.0,28.0,74.0
2020-07-02,47.0,74.0,37.0,65.0,29.0,20.0,41.0,16.0,69.0,62.0,14.0,17.0,54.0,51.0,6.0,54.0,62.0,66.0,42.0,2.0,3.0,29.0,82.0
2020-07-03,47.0,57.0,27.0,72.0,26.0,21.0,43.0,19.0,70.0,58.0,25.0,12.0,52.0,45.0,5.0,60.0,66.0,61.0,40.0,2.0,12.0,30.0,84.0
2020-07-04,46.0,57.0,25.0,75.0,32.0,24.0,48.0,21.0,72.0,52.0,17.0,16.0,52.0,33.0,5.0,60.0,69.0,58.0,39.0,2.0,14.0,34.0,97.0
2020-07-05,45.0,58.0,25.0,74.0,42.0,24.0,50.0,22.0,75.0,58.0,15.0,19.0,49.0,36.0,6.0,55.0,72.0,60.0,39.0,2.0,7.0,30.0,100.0
2020-07-06,53.0,66.0,29.0,66.0,29.0,26.0,44.0,17.0,73.0,58.0,16.0,14.0,51.0,52.0,7.0,46.0,100.0,68.0,40.0,2.0,6.0,28.0,82.0
2020-07-07,54.0,65.0,20.0,69.0,35.0,23.0,43.0,18.0,70.0,62.0,14.0,13.0,51.0,55.0,6.0,56.0,77.0,72.0,42.0,2.0,8.0,30.0,76.0
2020-07-08,54.0,64.0,25.0,67.0,27.0,23.0,44.0,17.0,72.0,62.0,14.0,23.0,51.0,47.0,7.0,60.0,66.0,69.0,42.0,2.0,6.0,31.0,73.0
2020-07-09,50.0,68.0,100.0,66.0,32.0,21.0,42.0,18.0,72.0,61.0,16.0,16.0,50.0,46.0,7.0,59.0,67.0,72.0,42.0,2.0,4.0,29.0,83.0
2020-07-10,47.0,66.0,57.0,68.0,32.0,21.0,42.0,19.0,78.0,59.0,16.0,18.0,53.0,33.0,6.0,57.0,65.0,72.0,40.0,2.0,4.0,30.0,83.0
2020-07-11,45.0,70.0,27.0,73.0,31.0,20.0,49.0,22.0,100.0,58.0,11.0,8.0,48.0,42.0,8.0,61.0,68.0,58.0,41.0,2.0,5.0,32.0,92.0
2020-07-12,46.0,56.0,34.0,76.0,32.0,22.0,50.0,21.0,91.0,56.0,13.0,12.0,45.0,37.0,7.0,54.0,67.0,62.0,39.0,2.0,3.0,33.0,92.0
2020-07-13,53.0,81.0,26.0,70.0,35.0,20.0,44.0,16.0,81.0,59.0,15.0,14.0,50.0,57.0,7.0,63.0,67.0,67.0,41.0,2.0,3.0,30.0,87.0
2020-07-14,50.0,62.0,22.0,66.0,30.0,19.0,43.0,15.0,74.0,62.0,15.0,18.0,50.0,34.0,7.0,59.0,61.0,66.0,40.0,2.0,3.0,30.0,77.0
2020-07-15,46.0,65.0,33.0,66.0,34.0,18.0,44.0,16.0,75.0,62.0,14.0,17.0,51.0,35.0,10.0,48.0,60.0,71.0,42.0,2.0,3.0,28.0,73.0
2020-07-16,45.0,74.0,25.0,66.0,30.0,19.0,43.0,18.0,72.0,63.0,14.0,22.0,48.0,37.0,10.0,48.0,63.0,73.0,40.0,2.0,3.0,28.0,71.0
2020-07-17,40.0,64.0,31.0,69.0,33.0,20.0,44.0,18.0,71.0,63.0,12.0,17.0,50.0,37.0,11.0,54.0,62.0,67.0,44.0,2.0,3.0,30.0,75.0
2020-07-18,40.0,56.0,44.0,75.0,33.0,23.0,48.0,19.0,73.0,58.0,10.0,9.0,50.0,32.0,6.0,54.0,68.0,59.0,42.0,2.0,2.0,35.0,91.0
2020-07-19,37.0,71.0,40.0,73.0,25.0,22.0,49.0,22.0,81.0,57.0,10.0,12.0,47.0,34.0,9.0,72.0,76.0,55.0,43.0,1.0,2.0,34.0,92.0
2020-07-20,38.0,78.0,23.0,67.0,30.0,20.0,46.0,17.0,74.0,62.0,12.0,16.0,51.0,32.0,7.0,72.0,73.0,73.0,44.0,2.0,2.0,29.0,79.0
2020-07-21,36.0,68.0,29.0,63.0,43.0,19.0,44.0,16.0,72.0,62.0,12.0,18.0,50.0,35.0,7.0,68.0,70.0,73.0,42.0,2.0,3.0,29.0,73.0
2020-07-22,36.0,59.0,27.0,69.0,31.0,20.0,45.0,17.0,74.0,65.0,15.0,19.0,50.0,37.0,7.0,60.0,65.0,75.0,45.0,2.0,4.0,30.0,71.0
2020-07-23,35.0,71.0,41.0,70.0,26.0,19.0,46.0,18.0,71.0,63.0,14.0,17.0,49.0,37.0,8.0,45.0,65.0,74.0,38.0,2.0,3.0,29.0,71.0
2020-07-24,34.0,63.0,32.0,69.0,37.0,19.0,46.0,16.0,68.0,61.0,14.0,12.0,51.0,33.0,10.0,58.0,62.0,71.0,39.0,2.0,3.0,28.0,72.0
2020-07-25,34.0,75.0,30.0,74.0,31.0,22.0,51.0,24.0,69.0,56.0,10.0,11.0,49.0,32.0,10.0,59.0,64.0,61.0,44.0,1.0,2.0,34.0,87.0
2020-07-26,36.0,65.0,37.0,73.0,30.0,26.0,52.0,22.0,85.0,58.0,11.0,12.0,49.0,35.0,11.0,48.0,70.0,59.0,37.0,1.0,2.0,34.0,91.0
2020-07-27,38.0,74.0,28.0,65.0,32.0,21.0,47.0,19.0,68.0,61.0,12.0,21.0,51.0,34.0,7.0,62.0,65.0,66.0,41.0,1.0,8.0,30.0,79.0
2020-07-28,37.0,59.0,17.0,64.0,33.0,20.0,44.0,17.0,66.0,65.0,11.0,12.0,48.0,35.0,7.0,62.0,66.0,71.0,40.0,3.0,100.0,30.0,72.0
2020-07-29,39.0,69.0,26.0,68.0,26.0,20.0,44.0,15.0,67.0,63.0,13.0,12.0,48.0,39.0,7.0,51.0,62.0,72.0,37.0,2.0,87.0,30.0,75.0
2020-07-30,37.0,57.0,30.0,63.0,26.0,19.0,45.0,17.0,64.0,64.0,13.0,16.0,47.0,37.0,7.0,52.0,65.0,67.0,38.0,2.0,48.0,30.0,68.0
2020-07-31,35.0,51.0,35.0,62.0,35.0,21.0,45.0,17.0,65.0,62.0,12.0,16.0,48.0,33.0,7.0,49.0,58.0,68.0,44.0,2.0,31.0,29.0,74.0
2020-08-01,34.0,54.0,25.0,72.0,33.0,24.0,45.0,20.0,67.0,59.0,10.0,14.0,47.0,36.0,9.0,72.0,59.0,56.0,38.0,2.0,21.0,31.0,82.0
2020-08-02,36.0,57.0,30.0,79.0,30.0,24.0,50.0,23.0,73.0,60.0,8.0,11.0,44.0,32.0,8.0,76.0,62.0,68.0,35.0,2.0,20.0,33.0,84.0
2020-08-03,37.0,65.0,28.0,66.0,37.0,20.0,43.0,18.0,68.0,62.0,12.0,11.0,51.0,40.0,7.0,53.0,62.0,68.0,40.0,1.0,18.0,29.0,74.0
2020-08-04,35.0,65.0,36.0,66.0,30.0,19.0,43.0,15.0,64.0,63.0,10.0,14.0,50.0,35.0,7.0,64.0,58.0,65.0,37.0,2.0,12.0,28.0,66.0
2020-08-05,37.0,54.0,28.0,66.0,38.0,20.0,44.0,17.0,64.0,64.0,10.0,12.0,49.0,33.0,9.0,64.0,61.0,70.0,42.0,1.0,9.0,27.0,68.0
2020-08-06,36.0,58.0,35.0,68.0,30.0,20.0,44.0,17.0,62.0,70.0,12.0,19.0,48.0,34.0,8.0,69.0,59.0,68.0,38.0,1.0,8.0,29.0,67.0
2020-08-07,35.0,44.0,31.0,71.0,35.0,26.0,44.0,16.0,65.0,66.0,11.0,16.0,55.0,41.0,9.0,56.0,59.0,65.0,36.0,2.0,7.0,29.0,71.0
2020-08-08,34.0,59.0,42.0,77.0,35.0,26.0,48.0,20.0,69.0,62.0,10.0,8.0,49.0,34.0,9.0,66.0,59.0,63.0,36.0,2.0,6.0,33.0,81.0
2020-08-09,33.0,54.0,38.0,73.0,24.0,24.0,50.0,22.0,71.0,61.0,9.0,10.0,45.0,39.0,9.0,69.0,64.0,63.0,37.0,2.0,6.0,33.0,82.0
2020-08-10,35.0,70.0,28.0,66.0,30.0,21.0,44.0,17.0,69.0,63.0,11.0,11.0,50.0,37.0,8.0,69.0,60.0,66.0,34.0,3.0,6.0,29.0,72.0
2020-08-11,34.0,64.0,26.0,65.0,25.0,19.0,45.0,16.0,66.0,65.0,11.0,9.0,48.0,37.0,8.0,54.0,61.0,66.0,34.0,4.0,5.0,28.0,67.0
2020-08-12,30.0,75.0,29.0,61.0,27.0,19.0,44.0,18.0,65.0,66.0,12.0,13.0,48.0,35.0,10.0,62.0,61.0,71.0,37.0,2.0,4.0,27.0,63.0
2020-08-13,29.0,71.0,19.0,64.0,33.0,20.0,44.0,18.0,65.0,68.0,12.0,17.0,47.0,38.0,9.0,61.0,59.0,70.0,36.0,2.0,5.0,27.0,74.0
2020-08-14,28.0,52.0,40.0,61.0,24.0,21.0,44.0,16.0,63.0,63.0,10.0,18.0,48.0,27.0,8.0,63.0,57.0,62.0,33.0,2.0,4.0,29.0,74.0
2020-08-15,26.0,52.0,30.0,73.0,22.0,21.0,46.0,21.0,69.0,59.0,6.0,15.0,52.0,29.0,8.0,63.0,63.0,54.0,34.0,1.0,4.0,31.0,81.0
2020-08-16,26.0,58.0,37.0,73.0,27.0,23.0,54.0,21.0,74.0,60.0,9.0,14.0,45.0,31.0,10.0,70.0,66.0,57.0,34.0,2.0,3.0,32.0,78.0
2020-08-17,30.0,61.0,20.0,69.0,30.0,23.0,46.0,18.0,68.0,66.0,15.0,18.0,49.0,37.0,8.0,61.0,60.0,66.0,35.0,1.0,4.0,27.0,69.0
2020-08-18,28.0,53.0,20.0,62.0,27.0,21.0,43.0,15.0,68.0,65.0,13.0,21.0,48.0,36.0,8.0,62.0,58.0,64.0,36.0,2.0,4.0,25.0,64.0
2020-08-19,27.0,48.0,22.0,56.0,24.0,23.0,45.0,17.0,65.0,70.0,11.0,22.0,46.0,34.0,8.0,65.0,57.0,65.0,36.0,1.0,3.0,25.0,62.0
2020-08-20,26.0,50.0,19.0,66.0,25.0,23.0,45.0,16.0,69.0,69.0,13.0,16.0,46.0,35.0,9.0,73.0,58.0,63.0,38.0,2.0,3.0,26.0,63.0
2020-08-21,26.0,56.0,29.0,60.0,32.0,24.0,44.0,17.0,67.0,64.0,10.0,21.0,48.0,37.0,8.0,60.0,58.0,65.0,39.0,2.0,2.0,26.0,64.0
2020-08-22,23.0,73.0,46.0,72.0,25.0,24.0,47.0,20.0,68.0,57.0,9.0,16.0,46.0,34.0,8.0,53.0,58.0,65.0,38.0,3.0,2.0,31.0,76.0
2020-08-23,23.0,60.0,33.0,75.0,29.0,24.0,50.0,21.0,72.0,56.0,8.0,16.0,44.0,37.0,10.0,61.0,62.0,61.0,38.0,5.0,3.0,32.0,74.0
2020-08-24,27.0,62.0,23.0,62.0,26.0,22.0,43.0,17.0,69.0,65.0,11.0,19.0,47.0,43.0,8.0,65.0,58.0,66.0,36.0,4.0,4.0,24.0,62.0
2020-08-25,26.0,55.0,23.0,58.0,32.0,23.0,43.0,17.0,69.0,67.0,11.0,23.0,46.0,42.0,8.0,66.0,59.0,63.0,37.0,4.0,3.0,26.0,57.0
2020-08-26,25.0,51.0,25.0,61.0,31.0,22.0,45.0,17.0,72.0,67.0,14.0,14.0,48.0,38.0,9.0,79.0,58.0,64.0,35.0,4.0,2.0,27.0,60.0
2020-08-27,23.0,52.0,31.0,56.0,32.0,23.0,45.0,17.0,70.0,69.0,15.0,32.0,46.0,44.0,8.0,60.0,61.0,65.0,37.0,3.0,2.0,24.0,77.0
2020-08-28,23.0,51.0,28.0,60.0,34.0,25.0,47.0,16.0,71.0,67.0,13.0,32.0,47.0,36.0,8.0,66.0,55.0,61.0,37.0,2.0,2.0,26.0,63.0
2020-08-29,24.0,50.0,30.0,73.0,34.0,24.0,51.0,22.0,70.0,58.0,8.0,17.0,46.0,32.0,8.0,65.0,58.0,54.0,32.0,2.0,2.0,30.0,69.0
2020-08-30,25.0,54.0,43.0,77.0,33.0,23.0,48.0,22.0,75.0,61.0,11.0,13.0,42.0,34.0,9.0,58.0,64.0,54.0,33.0,2.0,2.0,33.0,68.0
2020-08-31,28.0,61.0,19.0,65.0,32.0,26.0,44.0,16.0,77.0,68.0,14.0,22.0,45.0,36.0,9.0,78.0,56.0,65.0,38.0,2.0,2.0,24.0,59.0
2020-09-01,26.0,56.0,28.0,61.0,32.0,26.0,44.0,16.0,74.0,70.0,15.0,27.0,45.0,41.0,8.0,75.0,80.0,64.0,46.0,2.0,2.0,24.0,55.0
2020-09-02,27.0,60.0,24.0,66.0,34.0,26.0,42.0,18.0,79.0,69.0,14.0,28.0,45.0,39.0,9.0,72.0,88.0,66.0,37.0,1.0,2.0,25.0,55.0
2020-09-03,25.0,59.0,36.0,67.0,28.0,25.0,43.0,16.0,76.0,68.0,16.0,29.0,46.0,39.0,10.0,77.0,62.0,70.0,40.0,1.0,2.0,24.0,57.0
2020-09-04,25.0,50.0,27.0,72.0,37.0,25.0,42.0,18.0,74.0,67.0,14.0,33.0,47.0,47.0,8.0,71.0,55.0,61.0,41.0,1.0,1.0,26.0,62.0
2020-09-05,25.0,70.0,43.0,79.0,28.0,24.0,45.0,20.0,72.0,60.0,8.0,15.0,46.0,31.0,10.0,74.0,61.0,58.0,35.0,1.0,2.0,29.0,79.0
2020-09-06,25.0,70.0,46.0,79.0,30.0,25.0,46.0,22.0,75.0,57.0,10.0,16.0,45.0,36.0,9.0,63.0,57.0,57.0,33.0,1.0,1.0,31.0,88.0
2020-09-07,26.0,70.0,29.0,74.0,31.0,25.0,48.0,21.0,83.0,63.0,12.0,19.0,45.0,37.0,9.0,54.0,63.0,56.0,42.0,2.0,2.0,30.0,81.0
2020-09-08,27.0,49.0,22.0,62.0,31.0,24.0,43.0,17.0,79.0,68.0,15.0,28.0,49.0,34.0,10.0,71.0,58.0,62.0,39.0,1.0,2.0,24.0,62.0
2020-09-09,27.0,59.0,20.0,58.0,32.0,25.0,43.0,16.0,80.0,69.0,14.0,36.0,49.0,39.0,9.0,73.0,55.0,67.0,40.0,1.0,2.0,22.0,58.0
2020-09-10,25.0,49.0,25.0,61.0,27.0,27.0,41.0,16.0,78.0,69.0,19.0,38.0,49.0,44.0,10.0,62.0,56.0,68.0,45.0,1.0,2.0,23.0,51.0
2020-09-11,24.0,46.0,23.0,66.0,38.0,45.0,42.0,15.0,77.0,65.0,15.0,30.0,55.0,41.0,10.0,62.0,55.0,64.0,43.0,1.0,1.0,24.0,52.0
2020-09-12,23.0,73.0,28.0,82.0,28.0,33.0,46.0,20.0,73.0,60.0,10.0,16.0,45.0,38.0,12.0,54.0,56.0,58.0,39.0,1.0,2.0,28.0,60.0
2020-09-13,24.0,50.0,30.0,99.0,33.0,27.0,50.0,22.0,78.0,60.0,14.0,21.0,42.0,33.0,11.0,53.0,54.0,56.0,38.0,1.0,1.0,29.0,53.0
2020-09-14,28.0,59.0,20.0,71.0,31.0,29.0,45.0,18.0,84.0,66.0,18.0,39.0,46.0,44.0,10.0,67.0,54.0,68.0,40.0,1.0,1.0,24.0,50.0
2020-09-15,26.0,62.0,21.0,67.0,30.0,27.0,45.0,16.0,81.0,65.0,17.0,38.0,46.0,44.0,10.0,55.0,51.0,67.0,45.0,1.0,1.0,23.0,48.0
2020-09-16,25.0,54.0,25.0,64.0,37.0,27.0,42.0,15.0,79.0,74.0,19.0,41.0,45.0,45.0,9.0,64.0,53.0,65.0,46.0,1.0,2.0,25.0,46.0
2020-09-17,24.0,56.0,18.0,64.0,36.0,26.0,43.0,15.0,78.0,94.0,18.0,40.0,43.0,42.0,12.0,73.0,58.0,68.0,42.0,1.0,2.0,24.0,44.0
2020-09-18,23.0,48.0,30.0,64.0,33.0,26.0,44.0,19.0,86.0,70.0,21.0,43.0,45.0,34.0,10.0,77.0,54.0,64.0,41.0,1.0,1.0,24.0,47.0
2020-09-19,23.0,59.0,29.0,71.0,26.0,24.0,49.0,24.0,77.0,62.0,9.0,38.0,44.0,28.0,13.0,69.0,56.0,59.0,34.0,1.0,1.0,29.0,53.0
2020-09-20,24.0,48.0,35.0,79.0,26.0,24.0,50.0,25.0,79.0,60.0,14.0,43.0,44.0,35.0,11.0,73.0,51.0,54.0,38.0,1.0,1.0,27.0,51.0
2020-09-21,28.0,57.0,24.0,67.0,29.0,26.0,46.0,16.0,85.0,65.0,20.0,54.0,46.0,42.0,9.0,64.0,52.0,63.0,42.0,2.0,1.0,24.0,45.0
2020-09-22,27.0,52.0,18.0,70.0,30.0,24.0,43.0,19.0,83.0,65.0,20.0,53.0,45.0,37.0,9.0,69.0,56.0,68.0,42.0,1.0,1.0,21.0,44.0
2020-09-23,27.0,49.0,27.0,63.0,37.0,25.0,44.0,17.0,83.0,67.0,20.0,48.0,46.0,42.0,10.0,59.0,58.0,67.0,46.0,1.0,1.0,23.0,45.0
2020-09-24,25.0,60.0,31.0,61.0,28.0,26.0,44.0,17.0,85.0,68.0,25.0,43.0,45.0,40.0,11.0,66.0,54.0,71.0,48.0,1.0,1.0,23.0,44.0
2020-09-25,24.0,62.0,23.0,63.0,32.0,25.0,45.0,16.0,78.0,65.0,37.0,43.0,47.0,67.0,10.0,64.0,85.0,69.0,44.0,1.0,1.0,24.0,50.0
2020-09-26,25.0,58.0,26.0,76.0,36.0,23.0,50.0,20.0,71.0,57.0,23.0,32.0,46.0,37.0,12.0,59.0,71.0,61.0,37.0,1.0,1.0,28.0,57.0
2020-09-27,24.0,62.0,25.0,78.0,31.0,22.0,49.0,21.0,75.0,56.0,18.0,41.0,43.0,36.0,11.0,63.0,59.0,59.0,31.0,1.0,1.0,31.0,51.0
2020-09-28,28.0,64.0,22.0,68.0,31.0,22.0,44.0,17.0,79.0,63.0,19.0,39.0,46.0,40.0,10.0,76.0,57.0,64.0,41.0,1.0,2.0,23.0,49.0
2020-09-29,26.0,54.0,12.0,66.0,31.0,23.0,45.0,17.0,83.0,64.0,20.0,41.0,47.0,45.0,10.0,60.0,59.0,69.0,43.0,2.0,1.0,23.0,45.0
2020-09-30,25.0,51.0,22.0,58.0,34.0,23.0,50.0,16.0,78.0,66.0,21.0,43.0,44.0,39.0,11.0,58.0,58.0,70.0,42.0,1.0,1.0,25.0,42.0
2020-10-01,25.0,51.0,25.0,61.0,40.0,23.0,43.0,19.0,78.0,65.0,23.0,54.0,44.0,44.0,12.0,55.0,55.0,71.0,41.0,1.0,1.0,20.0,44.0
2020-10-02,41.0,43.0,21.0,60.0,32.0,28.0,55.0,19.0,74.0,61.0,19.0,43.0,45.0,40.0,14.0,57.0,54.0,68.0,43.0,2.0,12.0,33.0,45.0
2020-10-03,39.0,65.0,29.0,69.0,29.0,26.0,52.0,21.0,69.0,56.0,9.0,24.0,44.0,34.0,14.0,65.0,58.0,57.0,37.0,1.0,6.0,30.0,50.0
2020-10-04,39.0,48.0,28.0,82.0,36.0,26.0,49.0,22.0,78.0,59.0,12.0,24.0,43.0,34.0,12.0,63.0,50.0,55.0,40.0,1.0,3.0,28.0,47.0
2020-10-05,39.0,70.0,31.0,64.0,32.0,25.0,45.0,19.0,83.0,65.0,18.0,38.0,46.0,41.0,10.0,64.0,55.0,71.0,47.0,1.0,2.0,24.0,45.0
2020-10-06,36.0,54.0,17.0,64.0,40.0,23.0,45.0,18.0,80.0,62.0,21.0,41.0,49.0,42.0,10.0,64.0,55.0,70.0,44.0,1.0,2.0,23.0,43.0
2020-10-07,35.0,64.0,16.0,60.0,33.0,24.0,45.0,18.0,78.0,62.0,20.0,45.0,46.0,47.0,11.0,63.0,55.0,73.0,46.0,1.0,2.0,24.0,43.0
2020-10-08,32.0,66.0,20.0,59.0,38.0,24.0,49.0,17.0,79.0,63.0,21.0,96.0,44.0,33.0,11.0,49.0,58.0,69.0,47.0,1.0,2.0,22.0,43.0
2020-10-09,31.0,85.0,22.0,63.0,32.0,22.0,45.0,22.0,72.0,61.0,17.0,48.0,48.0,35.0,11.0,50.0,59.0,71.0,47.0,1.0,1.0,23.0,51.0
2020-10-10,29.0,51.0,27.0,72.0,32.0,20.0,45.0,21.0,66.0,56.0,10.0,19.0,45.0,34.0,12.0,58.0,51.0,60.0,37.0,1.0,1.0,28.0,53.0
2020-10-11,30.0,59.0,21.0,79.0,28.0,19.0,47.0,22.0,66.0,58.0,11.0,28.0,47.0,34.0,11.0,82.0,48.0,63.0,36.0,1.0,1.0,30.0,49.0
2020-10-12,31.0,64.0,21.0,64.0,37.0,20.0,47.0,19.0,70.0,58.0,18.0,45.0,47.0,39.0,11.0,49.0,54.0,73.0,45.0,2.0,1.0,24.0,46.0
2020-10-13,32.0,71.0,13.0,65.0,33.0,21.0,43.0,18.0,73.0,63.0,18.0,45.0,45.0,43.0,10.0,63.0,56.0,74.0,49.0,2.0,1.0,28.0,42.0
2020-10-14,31.0,60.0,15.0,63.0,38.0,22.0,43.0,17.0,73.0,64.0,21.0,42.0,47.0,41.0,10.0,57.0,63.0,72.0,48.0,2.0,1.0,22.0,43.0
2020-10-15,32.0,64.0,21.0,62.0,23.0,22.0,45.0,19.0,75.0,66.0,21.0,40.0,46.0,41.0,11.0,57.0,59.0,71.0,43.0,1.0,1.0,20.0,43.0
2020-10-16,30.0,49.0,11.0,63.0,31.0,23.0,43.0,19.0,70.0,59.0,17.0,40.0,48.0,36.0,12.0,52.0,53.0,67.0,45.0,1.0,1.0,22.0,46.0
2020-10-17,29.0,66.0,23.0,74.0,23.0,22.0,45.0,21.0,73.0,58.0,10.0,17.0,47.0,31.0,15.0,57.0,50.0,60.0,39.0,1.0,1.0,28.0,49.0
2020-10-18,29.0,60.0,15.0,78.0,27.0,22.0,47.0,23.0,74.0,55.0,11.0,18.0,44.0,36.0,12.0,73.0,53.0,57.0,39.0,1.0,1.0,28.0,45.0
2020-10-19,34.0,58.0,15.0,66.0,38.0,22.0,44.0,16.0,76.0,58.0,19.0,38.0,49.0,36.0,12.0,53.0,59.0,75.0,43.0,1.0,1.0,22.0,42.0
2020-10-20,34.0,58.0,15.0,65.0,36.0,23.0,43.0,17.0,75.0,63.0,21.0,45.0,50.0,41.0,12.0,52.0,55.0,76.0,51.0,1.0,1.0,23.0,42.0
2020-10-21,35.0,63.0,19.0,61.0,39.0,23.0,44.0,18.0,76.0,63.0,19.0,46.0,48.0,44.0,12.0,56.0,56.0,74.0,49.0,1.0,1.0,23.0,41.0
2020-10-22,32.0,57.0,21.0,56.0,31.0,23.0,43.0,17.0,72.0,62.0,20.0,47.0,45.0,38.0,13.0,39.0,56.0,72.0,48.0,1.0,1.0,22.0,44.0
2020-10-23,31.0,67.0,11.0,60.0,33.0,22.0,45.0,19.0,73.0,60.0,22.0,68.0,47.0,35.0,16.0,57.0,53.0,70.0,44.0,1.0,1.0,24.0,47.0
2020-10-24,28.0,57.0,26.0,77.0,25.0,24.0,45.0,24.0,70.0,56.0,10.0,22.0,48.0,28.0,17.0,71.0,51.0,56.0,40.0,1.0,1.0,24.0,47.0
2020-10-25,30.0,55.0,15.0,80.0,33.0,23.0,50.0,22.0,73.0,56.0,14.0,23.0,46.0,34.0,15.0,64.0,49.0,55.0,37.0,1.0,1.0,28.0,42.0
2020-10-26,34.0,64.0,19.0,67.0,39.0,22.0,46.0,20.0,73.0,59.0,16.0,44.0,48.0,36.0,13.0,61.0,55.0,67.0,47.0,1.0,1.0,22.0,40.0
2020-10-27,37.0,65.0,16.0,63.0,36.0,22.0,47.0,19.0,75.0,61.0,21.0,43.0,49.0,39.0,15.0,59.0,58.0,71.0,48.0,1.0,1.0,22.0,39.0
2020-10-28,36.0,42.0,30.0,62.0,26.0,21.0,45.0,17.0,69.0,63.0,20.0,34.0,49.0,34.0,16.0,49.0,56.0,71.0,49.0,1.0,1.0,22.0,37.0
2020-10-29,36.0,85.0,33.0,61.0,31.0,22.0,44.0,16.0,70.0,68.0,24.0,39.0,50.0,34.0,16.0,56.0,61.0,71.0,46.0,1.0,1.0,24.0,39.0
2020-10-30,34.0,47.0,24.0,66.0,33.0,19.0,43.0,15.0,73.0,59.0,21.0,54.0,53.0,34.0,19.0,56.0,50.0,69.0,45.0,2.0,1.0,26.0,38.0
2020-10-31,34.0,61.0,38.0,77.0,30.0,18.0,45.0,19.0,64.0,59.0,13.0,18.0,51.0,31.0,24.0,59.0,50.0,57.0,39.0,1.0,1.0,25.0,40.0
2020-11-01,36.0,54.0,22.0,75.0,33.0,19.0,48.0,21.0,73.0,60.0,13.0,22.0,42.0,29.0,22.0,50.0,52.0,58.0,33.0,1.0,1.0,23.0,38.0
2020-11-02,42.0,56.0,19.0,54.0,35.0,22.0,45.0,18.0,74.0,62.0,23.0,40.0,46.0,36.0,29.0,64.0,55.0,69.0,46.0,1.0,1.0,21.0,38.0
2020-11-03,41.0,42.0,25.0,54.0,26.0,18.0,47.0,16.0,65.0,61.0,20.0,44.0,43.0,31.0,57.0,50.0,54.0,68.0,43.0,1.0,1.0,19.0,37.0
2020-11-04,25.0,34.0,13.0,33.0,19.0,12.0,34.0,10.0,41.0,38.0,16.0,21.0,28.0,20.0,100.0,34.0,33.0,44.0,27.0,1.0,1.0,13.0,23.0
2020-11-05,30.0,36.0,10.0,39.0,26.0,15.0,36.0,13.0,53.0,48.0,20.0,31.0,31.0,28.0,27.0,51.0,39.0,56.0,33.0,1.0,1.0,15.0,27.0
2020-11-06,32.0,44.0,26.0,45.0,22.0,16.0,42.0,15.0,57.0,50.0,22.0,31.0,34.0,25.0,18.0,49.0,42.0,53.0,36.0,1.0,1.0,18.0,31.0
2020-11-07,32.0,36.0,29.0,55.0,28.0,16.0,49.0,19.0,58.0,52.0,14.0,17.0,35.0,24.0,18.0,61.0,41.0,47.0,33.0,1.0,1.0,22.0,36.0
2020-11-08,36.0,66.0,32.0,69.0,30.0,19.0,65.0,22.0,70.0,56.0,13.0,23.0,39.0,32.0,12.0,71.0,45.0,49.0,35.0,2.0,1.0,24.0,38.0
2020-11-09,43.0,58.0,20.0,65.0,32.0,19.0,49.0,17.0,76.0,64.0,26.0,41.0,42.0,35.0,9.0,62.0,54.0,72.0,50.0,2.0,1.0,22.0,40.0
2020-11-10,45.0,73.0,32.0,59.0,40.0,20.0,45.0,18.0,73.0,69.0,25.0,38.0,41.0,31.0,10.0,61.0,57.0,75.0,49.0,2.0,1.0,22.0,38.0
2020-11-11,46.0,61.0,18.0,58.0,29.0,20.0,44.0,20.0,69.0,68.0,22.0,30.0,42.0,33.0,10.0,61.0,52.0,72.0,47.0,2.0,1.0,21.0,36.0
2020-11-12,46.0,81.0,10.0,58.0,37.0,22.0,47.0,20.0,74.0,100.0,24.0,27.0,42.0,36.0,11.0,56.0,52.0,74.0,50.0,1.0,1.0,21.0,37.0
2020-11-13,46.0,60.0,34.0,62.0,28.0,22.0,44.0,20.0,70.0,83.0,27.0,41.0,42.0,30.0,11.0,62.0,54.0,73.0,52.0,2.0,1.0,21.0,38.0
2020-11-14,47.0,63.0,25.0,75.0,26.0,24.0,47.0,25.0,70.0,74.0,15.0,13.0,40.0,29.0,13.0,75.0,48.0,69.0,40.0,2.0,1.0,25.0,39.0
2020-11-15,48.0,55.0,34.0,79.0,29.0,25.0,50.0,26.0,73.0,73.0,14.0,20.0,37.0,30.0,12.0,84.0,49.0,61.0,44.0,2.0,1.0,25.0,38.0
2020-11-16,53.0,76.0,9.0,62.0,32.0,20.0,48.0,22.0,75.0,72.0,25.0,38.0,42.0,36.0,9.0,65.0,57.0,73.0,47.0,1.0,1.0,24.0,37.0
2020-11-17,55.0,66.0,25.0,59.0,28.0,21.0,45.0,23.0,73.0,69.0,24.0,47.0,39.0,36.0,10.0,73.0,64.0,76.0,51.0,2.0,1.0,22.0,35.0
2020-11-18,55.0,63.0,23.0,63.0,29.0,20.0,47.0,23.0,73.0,70.0,27.0,40.0,40.0,32.0,10.0,63.0,59.0,78.0,53.0,2.0,1.0,22.0,36.0
2020-11-19,52.0,68.0,22.0,60.0,37.0,21.0,47.0,24.0,72.0,76.0,27.0,34.0,41.0,42.0,12.0,56.0,56.0,76.0,48.0,2.0,1.0,21.0,35.0
2020-11-20,52.0,64.0,23.0,65.0,32.0,22.0,49.0,25.0,74.0,70.0,25.0,43.0,42.0,31.0,12.0,75.0,49.0,72.0,53.0,2.0,1.0,22.0,37.0
2020-11-21,51.0,60.0,39.0,77.0,27.0,21.0,49.0,31.0,74.0,65.0,13.0,23.0,42.0,29.0,17.0,51.0,48.0,59.0,42.0,2.0,2.0,24.0,39.0
2020-11-22,48.0,62.0,18.0,84.0,25.0,20.0,51.0,37.0,81.0,70.0,12.0,12.0,37.0,26.0,12.0,53.0,52.0,54.0,38.0,2.0,1.0,24.0,36.0
2020-11-23,54.0,69.0,33.0,66.0,38.0,20.0,48.0,31.0,75.0,70.0,20.0,24.0,44.0,29.0,10.0,81.0,46.0,71.0,49.0,2.0,1.0,22.0,37.0
2020-11-24,52.0,60.0,22.0,65.0,28.0,21.0,45.0,33.0,72.0,70.0,21.0,33.0,41.0,29.0,12.0,59.0,51.0,69.0,44.0,2.0,1.0,22.0,36.0
2020-11-25,51.0,45.0,22.0,58.0,41.0,20.0,46.0,48.0,69.0,70.0,16.0,20.0,40.0,29.0,14.0,56.0,45.0,62.0,47.0,2.0,1.0,21.0,35.0
2020-11-26,46.0,51.0,7.0,76.0,32.0,17.0,47.0,100.0,72.0,80.0,8.0,6.0,33.0,23.0,14.0,52.0,45.0,51.0,37.0,1.0,1.0,19.0,31.0
2020-11-27,42.0,47.0,16.0,81.0,29.0,18.0,47.0,27.0,73.0,85.0,10.0,10.0,37.0,28.0,14.0,75.0,43.0,49.0,36.0,2.0,1.0,18.0,36.0
2020-11-28,45.0,45.0,10.0,92.0,33.0,20.0,50.0,22.0,80.0,74.0,8.0,14.0,37.0,27.0,16.0,67.0,45.0,53.0,39.0,2.0,1.0,23.0,38.0
2020-11-29,47.0,47.0,19.0,77.0,30.0,20.0,58.0,23.0,80.0,69.0,9.0,13.0,36.0,29.0,12.0,57.0,48.0,56.0,37.0,2.0,1.0,22.0,35.0
2020-11-30,50.0,57.0,18.0,74.0,35.0,18.0,45.0,16.0,77.0,80.0,18.0,27.0,41.0,30.0,11.0,57.0,53.0,64.0,42.0,2.0,1.0,20.0,35.0
2020-12-01,49.0,77.0,35.0,69.0,39.0,19.0,43.0,16.0,72.0,73.0,24.0,38.0,40.0,33.0,13.0,77.0,52.0,68.0,47.0,2.0,1.0,21.0,33.0
2020-12-02,47.0,61.0,54.0,63.0,30.0,20.0,45.0,17.0,70.0,72.0,24.0,30.0,40.0,39.0,13.0,75.0,49.0,69.0,51.0,2.0,2.0,21.0,34.0
2020-12-03,47.0,66.0,36.0,67.0,34.0,22.0,46.0,17.0,70.0,72.0,23.0,31.0,42.0,40.0,12.0,55.0,55.0,74.0,50.0,2.0,1.0,20.0,34.0
2020-12-04,45.0,49.0,60.0,68.0,35.0,22.0,45.0,17.0,73.0,69.0,22.0,37.0,42.0,35.0,12.0,58.0,51.0,67.0,52.0,6.0,1.0,20.0,36.0
2020-12-05,45.0,39.0,60.0,86.0,34.0,21.0,49.0,21.0,73.0,68.0,13.0,20.0,42.0,29.0,16.0,87.0,51.0,60.0,45.0,4.0,1.0,22.0,39.0
2020-12-06,45.0,46.0,66.0,81.0,26.0,21.0,49.0,23.0,76.0,71.0,13.0,17.0,36.0,29.0,12.0,60.0,52.0,56.0,47.0,3.0,1.0,22.0,35.0
2020-12-07,49.0,69.0,40.0,75.0,27.0,21.0,49.0,19.0,78.0,74.0,25.0,34.0,44.0,34.0,11.0,83.0,64.0,70.0,49.0,3.0,1.0,20.0,36.0
2020-12-08,49.0,56.0,44.0,74.0,31.0,21.0,45.0,16.0,77.0,70.0,24.0,36.0,40.0,39.0,11.0,63.0,60.0,70.0,51.0,9.0,1.0,22.0,35.0
2020-12-09,47.0,73.0,41.0,67.0,32.0,21.0,44.0,19.0,75.0,72.0,25.0,43.0,40.0,37.0,12.0,62.0,58.0,69.0,53.0,17.0,1.0,20.0,35.0
2020-12-10,46.0,43.0,36.0,67.0,36.0,22.0,43.0,16.0,71.0,74.0,24.0,44.0,39.0,45.0,13.0,61.0,56.0,69.0,49.0,22.0,1.0,20.0,37.0
2020-12-11,44.0,56.0,45.0,74.0,30.0,22.0,44.0,18.0,69.0,72.0,22.0,40.0,41.0,41.0,12.0,68.0,55.0,67.0,47.0,19.0,1.0,20.0,36.0
2020-12-12,43.0,56.0,50.0,100.0,27.0,21.0,45.0,22.0,71.0,74.0,12.0,14.0,40.0,33.0,15.0,77.0,45.0,61.0,40.0,15.0,1.0,21.0,38.0
2020-12-13,43.0,45.0,45.0,90.0,33.0,22.0,48.0,21.0,74.0,69.0,11.0,17.0,39.0,28.0,13.0,66.0,52.0,54.0,41.0,17.0,1.0,23.0,35.0
2020-12-14,46.0,53.0,25.0,78.0,33.0,22.0,43.0,16.0,69.0,71.0,21.0,28.0,42.0,34.0,10.0,56.0,48.0,63.0,47.0,18.0,1.0,20.0,35.0
2020-12-15,45.0,59.0,39.0,75.0,32.0,21.0,41.0,17.0,68.0,74.0,29.0,40.0,41.0,35.0,11.0,57.0,54.0,68.0,43.0,17.0,2.0,25.0,35.0
2020-12-16,45.0,51.0,24.0,67.0,33.0,23.0,42.0,19.0,71.0,73.0,28.0,44.0,42.0,29.0,13.0,58.0,54.0,62.0,47.0,15.0,4.0,24.0,34.0
2020-12-17,45.0,54.0,45.0,67.0,26.0,23.0,42.0,16.0,68.0,72.0,28.0,36.0,42.0,32.0,13.0,55.0,48.0,65.0,45.0,16.0,2.0,20.0,36.0
2020-12-18,46.0,55.0,22.0,64.0,26.0,24.0,44.0,18.0,65.0,69.0,23.0,35.0,43.0,34.0,16.0,55.0,46.0,62.0,49.0,12.0,2.0,20.0,37.0
2020-12-19,44.0,59.0,45.0,86.0,25.0,23.0,47.0,23.0,62.0,70.0,22.0,15.0,41.0,24.0,18.0,57.0,47.0,53.0,43.0,11.0,2.0,23.0,38.0
2020-12-20,46.0,62.0,41.0,83.0,25.0,24.0,49.0,26.0,65.0,64.0,52.0,11.0,39.0,30.0,14.0,52.0,46.0,52.0,40.0,12.0,1.0,25.0,36.0
2020-12-21,49.0,58.0,40.0,76.0,22.0,22.0,47.0,21.0,57.0,64.0,100.0,15.0,43.0,28.0,12.0,56.0,45.0,59.0,41.0,12.0,2.0,20.0,37.0
2020-12-22,49.0,67.0,35.0,68.0,28.0,24.0,45.0,24.0,57.0,67.0,66.0,14.0,43.0,30.0,16.0,54.0,47.0,56.0,44.0,11.0,1.0,22.0,37.0
2020-12-23,49.0,69.0,44.0,73.0,30.0,23.0,42.0,23.0,51.0,67.0,36.0,9.0,42.0,26.0,15.0,62.0,44.0,61.0,43.0,11.0,2.0,21.0,36.0
2020-12-24,48.0,54.0,26.0,63.0,31.0,20.0,42.0,34.0,50.0,66.0,21.0,9.0,39.0,26.0,12.0,59.0,43.0,53.0,35.0,9.0,1.0,21.0,35.0
2020-12-25,41.0,35.0,50.0,83.0,24.0,22.0,45.0,56.0,45.0,79.0,14.0,6.0,33.0,21.0,14.0,70.0,44.0,40.0,35.0,7.0,1.0,17.0,32.0
2020-12-26,46.0,54.0,38.0,80.0,28.0,23.0,47.0,27.0,69.0,75.0,12.0,4.0,40.0,29.0,17.0,61.0,44.0,46.0,40.0,9.0,1.0,22.0,39.0
2020-12-27,47.0,69.0,40.0,79.0,21.0,23.0,49.0,21.0,73.0,65.0,13.0,10.0,42.0,31.0,14.0,60.0,44.0,53.0,40.0,8.0,1.0,23.0,39.0
2020-12-28,51.0,69.0,38.0,65.0,23.0,20.0,45.0,17.0,62.0,63.0,17.0,9.0,46.0,32.0,13.0,50.0,44.0,57.0,41.0,9.0,1.0,21.0,43.0
2020-12-29,52.0,72.0,42.0,70.0,27.0,20.0,45.0,20.0,64.0,64.0,20.0,15.0,44.0,28.0,17.0,61.0,49.0,63.0,45.0,11.0,1.0,25.0,42.0
2020-12-30,51.0,69.0,46.0,57.0,20.0,20.0,46.0,19.0,62.0,63.0,27.0,10.0,43.0,30.0,19.0,76.0,48.0,60.0,41.0,13.0,1.0,22.0,41.0
2020-12-31,50.0,57.0,31.0,64.0,26.0,19.0,46.0,19.0,58.0,62.0,23.0,8.0,45.0,31.0,19.0,68.0,49.0,55.0,44.0,11.0,1.0,20.0,40.0
2021-01-01,43.0,39.0,37.0,62.0,25.0,20.0,55.0,21.0,62.0,58.0,14.0,21.0,40.0,25.0,18.0,52.0,46.0,48.0,38.0,9.0,1.0,20.0,42.0
2021-01-02,46.0,61.0,46.0,90.0,26.0,23.0,50.0,21.0,77.0,62.0,13.0,30.0,41.0,28.0,22.0,71.0,46.0,53.0,43.0,9.0,1.0,26.0,44.0
2021-01-03,45.0,65.0,43.0,82.0,27.0,26.0,53.0,21.0,78.0,64.0,12.0,33.0,43.0,26.0,19.0,59.0,51.0,55.0,45.0,11.0,1.0,26.0,41.0
2021-01-04,47.0,74.0,27.0,75.0,28.0,22.0,45.0,15.0,67.0,61.0,19.0,33.0,44.0,30.0,16.0,57.0,44.0,63.0,41.0,12.0,1.0,24.0,39.0
2021-01-05,46.0,52.0,26.0,67.0,29.0,21.0,46.0,16.0,67.0,65.0,26.0,32.0,41.0,32.0,16.0,57.0,48.0,69.0,51.0,15.0,1.0,21.0,38.0
2021-01-06,43.0,62.0,25.0,60.0,32.0,22.0,45.0,17.0,59.0,61.0,19.0,38.0,40.0,29.0,20.0,70.0,52.0,63.0,42.0,11.0,1.0,20.0,34.0
2021-01-07,40.0,52.0,32.0,69.0,23.0,20.0,41.0,14.0,60.0,64.0,19.0,100.0,39.0,35.0,18.0,46.0,54.0,62.0,45.0,10.0,1.0,20.0,35.0
2021-01-08,39.0,70.0,31.0,65.0,27.0,20.0,45.0,16.0,64.0,63.0,21.0,62.0,41.0,32.0,18.0,69.0,52.0,66.0,47.0,10.0,1.0,21.0,39.0
2021-01-09,41.0,51.0,41.0,74.0,25.0,36.0,49.0,20.0,66.0,61.0,10.0,28.0,39.0,24.0,19.0,63.0,47.0,53.0,42.0,9.0,1.0,26.0,40.0
2021-01-10,37.0,52.0,50.0,79.0,30.0,37.0,51.0,20.0,71.0,58.0,11.0,16.0,39.0,29.0,17.0,43.0,46.0,54.0,41.0,8.0,1.0,23.0,40.0
2021-01-11,38.0,74.0,35.0,70.0,30.0,28.0,49.0,14.0,66.0,60.0,16.0,33.0,42.0,30.0,16.0,75.0,53.0,62.0,46.0,7.0,1.0,21.0,38.0
2021-01-12,40.0,75.0,28.0,75.0,33.0,23.0,47.0,17.0,67.0,63.0,21.0,32.0,40.0,41.0,15.0,59.0,54.0,70.0,51.0,9.0,1.0,23.0,37.0
2021-01-13,38.0,53.0,24.0,62.0,28.0,23.0,45.0,15.0,70.0,65.0,20.0,37.0,42.0,35.0,14.0,54.0,49.0,75.0,51.0,8.0,1.0,22.0,39.0
2021-01-14,38.0,62.0,21.0,63.0,33.0,22.0,47.0,17.0,67.0,66.0,20.0,37.0,43.0,35.0,15.0,56.0,48.0,72.0,57.0,9.0,1.0,21.0,39.0
2021-01-15,35.0,61.0,33.0,67.0,34.0,22.0,47.0,20.0,69.0,65.0,22.0,32.0,41.0,36.0,14.0,69.0,48.0,70.0,67.0,9.0,1.0,23.0,40.0
2021-01-16,33.0,64.0,30.0,73.0,24.0,21.0,48.0,19.0,71.0,60.0,11.0,17.0,41.0,31.0,16.0,60.0,47.0,58.0,50.0,9.0,1.0,27.0,44.0
2021-01-17,34.0,57.0,41.0,85.0,27.0,22.0,53.0,23.0,78.0,58.0,11.0,11.0,50.0,33.0,16.0,61.0,47.0,59.0,49.0,9.0,1.0,27.0,41.0
2021-01-18,36.0,58.0,22.0,81.0,35.0,21.0,53.0,18.0,71.0,61.0,15.0,18.0,44.0,31.0,12.0,65.0,49.0,67.0,51.0,10.0,1.0,25.0,44.0
2021-01-19,37.0,71.0,25.0,59.0,34.0,21.0,47.0,17.0,71.0,64.0,23.0,37.0,43.0,33.0,14.0,53.0,55.0,75.0,51.0,9.0,1.0,22.0,41.0
2021-01-20,34.0,63.0,23.0,60.0,30.0,23.0,55.0,15.0,64.0,60.0,23.0,33.0,40.0,35.0,15.0,61.0,48.0,67.0,49.0,9.0,1.0,20.0,36.0
2021-01-21,32.0,50.0,32.0,63.0,36.0,23.0,54.0,16.0,68.0,65.0,25.0,30.0,40.0,37.0,12.0,56.0,55.0,70.0,52.0,9.0,1.0,25.0,38.0
2021-01-22,32.0,72.0,30.0,60.0,31.0,23.0,49.0,17.0,68.0,59.0,22.0,38.0,43.0,39.0,13.0,49.0,48.0,74.0,53.0,9.0,2.0,21.0,40.0
2021-01-23,31.0,60.0,31.0,69.0,30.0,22.0,53.0,19.0,68.0,60.0,15.0,21.0,43.0,32.0,15.0,65.0,46.0,60.0,45.0,8.0,2.0,26.0,45.0
2021-01-24,30.0,46.0,30.0,78.0,27.0,23.0,57.0,21.0,72.0,58.0,12.0,25.0,44.0,42.0,14.0,59.0,49.0,59.0,45.0,8.0,2.0,28.0,42.0
2021-01-25,33.0,59.0,23.0,69.0,37.0,22.0,49.0,16.0,70.0,59.0,24.0,49.0,59.0,40.0,14.0,65.0,48.0,75.0,46.0,8.0,2.0,23.0,42.0
2021-01-26,32.0,67.0,21.0,59.0,28.0,22.0,47.0,14.0,69.0,62.0,25.0,36.0,43.0,40.0,14.0,52.0,56.0,75.0,49.0,9.0,2.0,20.0,43.0
2021-01-27,32.0,67.0,29.0,61.0,33.0,21.0,45.0,18.0,71.0,64.0,25.0,37.0,43.0,37.0,14.0,61.0,55.0,78.0,53.0,8.0,3.0,20.0,41.0
2021-01-28,30.0,66.0,30.0,58.0,37.0,22.0,44.0,17.0,68.0,61.0,28.0,32.0,40.0,35.0,14.0,70.0,48.0,72.0,53.0,9.0,3.0,20.0,40.0
2021-01-29,28.0,66.0,23.0,59.0,34.0,21.0,44.0,17.0,68.0,60.0,27.0,33.0,43.0,37.0,19.0,61.0,53.0,72.0,52.0,9.0,3.0,21.0,42.0
2021-01-30,27.0,47.0,26.0,71.0,28.0,23.0,46.0,23.0,72.0,56.0,15.0,20.0,44.0,37.0,19.0,70.0,47.0,63.0,47.0,9.0,3.0,24.0,47.0
2021-01-31,26.0,62.0,42.0,75.0,37.0,23.0,53.0,21.0,76.0,57.0,15.0,15.0,40.0,34.0,19.0,77.0,51.0,59.0,44.0,7.0,4.0,26.0,44.0
2021-02-01,27.0,50.0,18.0,63.0,38.0,21.0,46.0,17.0,68.0,59.0,23.0,33.0,44.0,35.0,17.0,63.0,53.0,68.0,49.0,8.0,4.0,21.0,42.0
2021-02-02,27.0,65.0,29.0,61.0,32.0,20.0,45.0,17.0,68.0,61.0,25.0,39.0,42.0,46.0,18.0,53.0,57.0,74.0,49.0,9.0,4.0,20.0,39.0
2021-02-03,27.0,59.0,22.0,65.0,35.0,23.0,47.0,17.0,72.0,63.0,27.0,34.0,44.0,50.0,17.0,67.0,54.0,75.0,51.0,11.0,2.0,24.0,40.0
2021-02-04,26.0,68.0,21.0,66.0,32.0,23.0,45.0,17.0,70.0,63.0,26.0,33.0,44.0,49.0,18.0,68.0,58.0,73.0,52.0,11.0,2.0,21.0,41.0
2021-02-05,24.0,46.0,30.0,68.0,34.0,23.0,47.0,17.0,69.0,60.0,28.0,38.0,46.0,40.0,19.0,58.0,49.0,78.0,51.0,9.0,2.0,23.0,41.0
2021-02-06,24.0,53.0,36.0,72.0,28.0,23.0,51.0,22.0,70.0,59.0,16.0,14.0,43.0,37.0,20.0,57.0,50.0,60.0,47.0,7.0,1.0,23.0,45.0
2021-02-07,22.0,45.0,17.0,80.0,36.0,22.0,57.0,19.0,71.0,58.0,12.0,15.0,48.0,43.0,22.0,74.0,49.0,57.0,43.0,7.0,1.0,26.0,39.0
2021-02-08,24.0,57.0,18.0,68.0,46.0,22.0,66.0,15.0,63.0,58.0,24.0,24.0,54.0,61.0,18.0,64.0,47.0,100.0,43.0,7.0,1.0,20.0,39.0
2021-02-09,27.0,50.0,16.0,61.0,30.0,21.0,47.0,17.0,69.0,61.0,26.0,31.0,43.0,48.0,23.0,46.0,59.0,78.0,50.0,6.0,2.0,22.0,40.0
2021-02-10,24.0,54.0,30.0,62.0,32.0,21.0,47.0,16.0,68.0,65.0,23.0,29.0,43.0,41.0,19.0,48.0,57.0,82.0,51.0,7.0,2.0,21.0,40.0
2021-02-11,22.0,55.0,25.0,59.0,30.0,24.0,45.0,17.0,65.0,60.0,26.0,32.0,44.0,44.0,20.0,49.0,54.0,74.0,50.0,6.0,2.0,21.0,41.0
2021-02-12,21.0,54.0,23.0,61.0,24.0,22.0,43.0,16.0,67.0,63.0,23.0,25.0,43.0,49.0,21.0,54.0,55.0,69.0,43.0,6.0,1.0,20.0,43.0
2021-02-13,18.0,50.0,25.0,68.0,26.0,22.0,48.0,21.0,71.0,57.0,12.0,15.0,46.0,33.0,24.0,56.0,49.0,62.0,45.0,5.0,1.0,22.0,44.0
2021-02-14,19.0,51.0,23.0,74.0,24.0,20.0,50.0,23.0,72.0,57.0,10.0,16.0,41.0,38.0,21.0,59.0,46.0,59.0,45.0,5.0,1.0,22.0,42.0
2021-02-15,19.0,58.0,36.0,58.0,33.0,20.0,49.0,19.0,65.0,57.0,15.0,12.0,46.0,35.0,17.0,57.0,48.0,68.0,44.0,4.0,1.0,21.0,42.0
2021-02-16,20.0,63.0,27.0,54.0,26.0,21.0,47.0,16.0,63.0,55.0,24.0,17.0,46.0,41.0,17.0,55.0,53.0,70.0,42.0,4.0,1.0,19.0,43.0
2021-02-17,18.0,65.0,26.0,61.0,22.0,22.0,45.0,19.0,60.0,61.0,23.0,23.0,51.0,41.0,18.0,42.0,53.0,69.0,42.0,4.0,1.0,20.0,42.0
2021-02-18,19.0,59.0,17.0,53.0,24.0,23.0,48.0,16.0,63.0,59.0,21.0,26.0,49.0,45.0,18.0,60.0,57.0,69.0,46.0,5.0,1.0,22.0,41.0
2021-02-19,17.0,50.0,21.0,65.0,26.0,23.0,49.0,17.0,66.0,61.0,24.0,25.0,45.0,34.0,18.0,61.0,49.0,71.0,47.0,3.0,1.0,21.0,43.0
2021-02-20,18.0,55.0,24.0,74.0,27.0,34.0,49.0,22.0,71.0,56.0,14.0,15.0,46.0,34.0,23.0,59.0,53.0,68.0,46.0,4.0,1.0,28.0,53.0
2021-02-21,18.0,67.0,28.0,78.0,29.0,42.0,52.0,21.0,75.0,56.0,14.0,15.0,44.0,37.0,20.0,61.0,53.0,62.0,42.0,4.0,1.0,25.0,52.0
2021-02-22,19.0,75.0,20.0,63.0,31.0,33.0,49.0,16.0,71.0,59.0,25.0,32.0,45.0,43.0,16.0,69.0,56.0,76.0,49.0,4.0,1.0,23.0,47.0
2021-02-23,19.0,62.0,19.0,67.0,28.0,26.0,49.0,15.0,67.0,62.0,26.0,35.0,44.0,52.0,17.0,52.0,60.0,75.0,49.0,4.0,1.0,21.0,44.0
2021-02-24,19.0,68.0,18.0,62.0,33.0,25.0,48.0,16.0,69.0,64.0,28.0,29.0,44.0,47.0,15.0,68.0,58.0,78.0,49.0,4.0,1.0,21.0,42.0
2021-02-25,19.0,63.0,19.0,60.0,29.0,26.0,46.0,16.0,66.0,62.0,27.0,31.0,46.0,45.0,16.0,61.0,57.0,76.0,49.0,4.0,1.0,22.0,43.0
2021-02-26,18.0,54.0,25.0,57.0,37.0,25.0,45.0,19.0,68.0,59.0,21.0,32.0,46.0,46.0,14.0,63.0,55.0,70.0,47.0,6.0,1.0,21.0,43.0
2021-02-27,18.0,49.0,27.0,72.0,26.0,24.0,49.0,21.0,72.0,55.0,12.0,25.0,46.0,33.0,15.0,59.0,51.0,64.0,45.0,4.0,1.0,24.0,49.0
2021-02-28,18.0,68.0,37.0,72.0,29.0,24.0,51.0,22.0,73.0,56.0,13.0,15.0,41.0,42.0,16.0,61.0,59.0,61.0,41.0,3.0,1.0,25.0,46.0
2021-03-01,19.0,66.0,20.0,64.0,29.0,24.0,50.0,17.0,71.0,60.0,24.0,32.0,46.0,49.0,13.0,66.0,57.0,74.0,46.0,3.0,1.0,22.0,44.0
2021-03-02,18.0,68.0,18.0,54.0,32.0,23.0,47.0,16.0,70.0,64.0,29.0,36.0,47.0,48.0,15.0,73.0,59.0,78.0,49.0,4.0,1.0,20.0,45.0
2021-03-03,18.0,56.0,23.0,66.0,26.0,24.0,44.0,17.0,69.0,63.0,28.0,36.0,44.0,48.0,15.0,69.0,57.0,80.0,45.0,5.0,1.0,19.0,44.0
2021-03-04,18.0,58.0,12.0,66.0,31.0,24.0,44.0,19.0,70.0,62.0,27.0,51.0,46.0,46.0,16.0,64.0,58.0,76.0,49.0,3.0,1.0,21.0,44.0
2021-03-05,17.0,62.0,22.0,61.0,30.0,25.0,43.0,19.0,66.0,60.0,24.0,46.0,46.0,37.0,14.0,67.0,59.0,73.0,48.0,4.0,1.0,21.0,46.0
2021-03-06,16.0,62.0,18.0,73.0,28.0,24.0,48.0,20.0,73.0,54.0,14.0,23.0,47.0,36.0,15.0,74.0,50.0,67.0,38.0,4.0,1.0,25.0,51.0
2021-03-07,18.0,45.0,15.0,76.0,26.0,25.0,51.0,23.0,78.0,55.0,13.0,22.0,44.0,33.0,16.0,79.0,54.0,68.0,39.0,4.0,1.0,25.0,49.0
2021-03-08,20.0,53.0,23.0,68.0,32.0,23.0,49.0,19.0,72.0,59.0,21.0,39.0,46.0,38.0,15.0,41.0,50.0,77.0,45.0,4.0,1.0,21.0,45.0
2021-03-09,19.0,55.0,17.0,55.0,27.0,22.0,45.0,18.0,68.0,58.0,24.0,44.0,43.0,42.0,15.0,68.0,56.0,75.0,47.0,4.0,1.0,21.0,45.0
2021-03-10,19.0,56.0,17.0,61.0,29.0,23.0,43.0,18.0,69.0,59.0,23.0,33.0,47.0,32.0,16.0,56.0,54.0,80.0,47.0,4.0,1.0,21.0,43.0
2021-03-11,18.0,69.0,13.0,64.0,31.0,23.0,43.0,15.0,66.0,62.0,24.0,35.0,44.0,39.0,15.0,61.0,60.0,75.0,48.0,3.0,1.0,20.0,45.0
2021-03-12,18.0,50.0,34.0,67.0,32.0,24.0,42.0,19.0,68.0,62.0,27.0,35.0,46.0,33.0,17.0,55.0,56.0,71.0,43.0,3.0,1.0,21.0,47.0
2021-03-13,15.0,64.0,35.0,71.0,25.0,23.0,46.0,19.0,70.0,58.0,11.0,15.0,46.0,31.0,18.0,81.0,52.0,63.0,34.0,5.0,1.0,23.0,51.0
2021-03-14,15.0,35.0,21.0,73.0,30.0,25.0,47.0,20.0,77.0,56.0,12.0,12.0,43.0,31.0,18.0,58.0,56.0,63.0,35.0,3.0,1.0,24.0,48.0
2021-03-15,17.0,60.0,15.0,58.0,26.0,23.0,44.0,17.0,67.0,55.0,22.0,23.0,44.0,35.0,16.0,60.0,57.0,71.0,43.0,3.0,1.0,20.0,44.0
2021-03-16,17.0,57.0,22.0,61.0,31.0,31.0,43.0,18.0,67.0,57.0,25.0,26.0,47.0,36.0,18.0,56.0,57.0,75.0,43.0,3.0,1.0,22.0,45.0
2021-03-17,18.0,56.0,26.0,63.0,34.0,29.0,41.0,17.0,66.0,62.0,22.0,32.0,46.0,34.0,18.0,63.0,60.0,73.0,43.0,3.0,1.0,20.0,45.0
2021-03-18,19.0,50.0,16.0,62.0,25.0,26.0,41.0,16.0,66.0,64.0,21.0,31.0,47.0,39.0,20.0,80.0,58.0,70.0,42.0,4.0,1.0,22.0,43.0
2021-03-19,17.0,53.0,18.0,64.0,27.0,28.0,42.0,20.0,66.0,60.0,22.0,26.0,47.0,33.0,24.0,58.0,55.0,72.0,43.0,3.0,1.0,22.0,47.0
2021-03-20,16.0,73.0,25.0,75.0,24.0,30.0,45.0,22.0,70.0,54.0,11.0,9.0,49.0,31.0,23.0,82.0,49.0,59.0,39.0,4.0,1.0,23.0,51.0
2021-03-21,18.0,52.0,25.0,73.0,25.0,26.0,47.0,22.0,78.0,54.0,10.0,12.0,44.0,36.0,22.0,65.0,52.0,61.0,35.0,3.0,1.0,24.0,52.0
2021-03-22,21.0,75.0,21.0,67.0,36.0,26.0,44.0,20.0,73.0,60.0,22.0,34.0,48.0,41.0,19.0,62.0,60.0,73.0,52.0,3.0,1.0,22.0,49.0
2021-03-23,21.0,49.0,22.0,64.0,31.0,23.0,41.0,21.0,73.0,60.0,22.0,35.0,46.0,40.0,13.0,68.0,56.0,74.0,47.0,4.0,1.0,22.0,46.0
2021-03-24,21.0,53.0,26.0,69.0,33.0,23.0,41.0,18.0,66.0,63.0,22.0,47.0,46.0,38.0,14.0,50.0,56.0,75.0,45.0,3.0,1.0,21.0,46.0
2021-03-25,20.0,53.0,22.0,64.0,26.0,26.0,43.0,17.0,67.0,61.0,24.0,37.0,47.0,38.0,15.0,67.0,58.0,73.0,43.0,4.0,1.0,21.0,47.0
2021-03-26,19.0,68.0,27.0,65.0,27.0,25.0,42.0,19.0,67.0,59.0,26.0,26.0,47.0,36.0,14.0,67.0,59.0,70.0,49.0,3.0,1.0,20.0,50.0
2021-03-27,18.0,56.0,33.0,74.0,32.0,24.0,44.0,22.0,66.0,50.0,11.0,11.0,48.0,37.0,19.0,46.0,55.0,56.0,37.0,3.0,1.0,23.0,54.0
2021-03-28,18.0,52.0,25.0,73.0,27.0,25.0,48.0,25.0,71.0,50.0,10.0,18.0,45.0,31.0,19.0,58.0,59.0,60.0,40.0,3.0,1.0,25.0,51.0
2021-03-29,20.0,55.0,22.0,68.0,32.0,24.0,43.0,17.0,67.0,58.0,23.0,32.0,49.0,39.0,16.0,69.0,61.0,69.0,45.0,5.0,1.0,22.0,51.0
2021-03-30,22.0,63.0,27.0,62.0,28.0,24.0,43.0,18.0,64.0,58.0,25.0,34.0,48.0,34.0,15.0,74.0,57.0,74.0,45.0,5.0,1.0,20.0,49.0
2021-03-31,20.0,52.0,23.0,62.0,30.0,26.0,43.0,21.0,65.0,63.0,20.0,26.0,47.0,37.0,14.0,58.0,56.0,72.0,43.0,5.0,1.0,22.0,49.0
2021-04-01,20.0,57.0,23.0,66.0,26.0,28.0,41.0,21.0,63.0,57.0,22.0,28.0,47.0,35.0,15.0,60.0,58.0,70.0,41.0,5.0,1.0,22.0,50.0
2021-04-02,20.0,58.0,34.0,66.0,35.0,26.0,44.0,24.0,65.0,55.0,16.0,22.0,50.0,32.0,14.0,55.0,51.0,68.0,38.0,5.0,1.0,23.0,52.0
2021-04-03,19.0,46.0,32.0,71.0,25.0,25.0,46.0,26.0,68.0,54.0,9.0,19.0,46.0,33.0,17.0,51.0,52.0,56.0,35.0,7.0,1.0,24.0,53.0
2021-04-04,19.0,58.0,13.0,73.0,26.0,25.0,50.0,33.0,68.0,45.0,11.0,17.0,44.0,36.0,15.0,70.0,60.0,58.0,30.0,6.0,0.0,24.0,52.0
2021-04-05,22.0,83.0,16.0,67.0,27.0,26.0,45.0,18.0,66.0,55.0,19.0,24.0,50.0,38.0,17.0,53.0,60.0,74.0,47.0,7.0,1.0,23.0,53.0
2021-04-06,22.0,57.0,29.0,60.0,30.0,26.0,43.0,18.0,67.0,58.0,24.0,28.0,51.0,44.0,18.0,54.0,59.0,76.0,47.0,7.0,1.0,21.0,51.0
2021-04-07,23.0,74.0,15.0,62.0,34.0,24.0,43.0,18.0,66.0,61.0,23.0,32.0,48.0,43.0,15.0,58.0,59.0,78.0,45.0,7.0,1.0,22.0,51.0
2021-04-08,22.0,52.0,21.0,63.0,35.0,23.0,41.0,16.0,65.0,61.0,24.0,30.0,47.0,39.0,15.0,46.0,60.0,76.0,46.0,7.0,1.0,21.0,50.0
2021-04-09,19.0,56.0,18.0,64.0,28.0,23.0,51.0,18.0,64.0,54.0,23.0,35.0,47.0,43.0,14.0,53.0,61.0,69.0,45.0,6.0,1.0,22.0,50.0
2021-04-10,19.0,49.0,26.0,69.0,31.0,23.0,51.0,22.0,73.0,54.0,12.0,13.0,48.0,36.0,17.0,86.0,61.0,60.0,40.0,6.0,1.0,24.0,56.0
2021-04-11,19.0,59.0,25.0,76.0,33.0,24.0,50.0,24.0,79.0,55.0,13.0,15.0,46.0,39.0,17.0,74.0,62.0,58.0,40.0,5.0,0.0,24.0,54.0
2021-04-12,22.0,74.0,24.0,65.0,45.0,25.0,48.0,18.0,72.0,61.0,24.0,34.0,49.0,41.0,15.0,58.0,60.0,73.0,48.0,5.0,1.0,24.0,52.0
2021-04-13,24.0,58.0,24.0,63.0,31.0,23.0,45.0,18.0,68.0,61.0,25.0,35.0,47.0,41.0,19.0,57.0,63.0,74.0,48.0,6.0,1.0,21.0,48.0
2021-04-14,21.0,60.0,17.0,60.0,40.0,23.0,41.0,19.0,67.0,64.0,27.0,36.0,49.0,42.0,24.0,63.0,61.0,75.0,51.0,6.0,1.0,22.0,47.0
2021-04-15,22.0,61.0,15.0,63.0,50.0,25.0,41.0,17.0,67.0,64.0,23.0,43.0,47.0,35.0,23.0,63.0,60.0,72.0,44.0,5.0,1.0,21.0,47.0
2021-04-16,18.0,76.0,20.0,66.0,38.0,25.0,42.0,21.0,66.0,58.0,22.0,20.0,47.0,37.0,30.0,61.0,60.0,70.0,45.0,5.0,1.0,22.0,50.0
2021-04-17,18.0,46.0,26.0,75.0,74.0,26.0,47.0,26.0,72.0,55.0,12.0,17.0,50.0,35.0,26.0,84.0,56.0,61.0,38.0,5.0,1.0,25.0,56.0
2021-04-18,18.0,44.0,26.0,71.0,31.0,32.0,49.0,25.0,76.0,54.0,11.0,16.0,44.0,32.0,21.0,70.0,55.0,60.0,43.0,5.0,1.0,25.0,53.0
2021-04-19,20.0,68.0,20.0,60.0,42.0,29.0,42.0,20.0,72.0,57.0,22.0,35.0,47.0,40.0,20.0,58.0,60.0,73.0,48.0,5.0,1.0,20.0,51.0
2021-04-20,19.0,74.0,22.0,59.0,56.0,25.0,42.0,18.0,69.0,61.0,24.0,30.0,47.0,34.0,21.0,56.0,64.0,72.0,50.0,5.0,1.0,21.0,48.0
2021-04-21,18.0,46.0,29.0,60.0,46.0,24.0,40.0,20.0,69.0,61.0,24.0,26.0,46.0,40.0,19.0,63.0,63.0,79.0,45.0,4.0,1.0,20.0,47.0
2021-04-22,19.0,55.0,27.0,62.0,55.0,26.0,41.0,18.0,70.0,64.0,29.0,36.0,46.0,38.0,19.0,69.0,63.0,76.0,52.0,5.0,1.0,22.0,51.0
2021-04-23,18.0,57.0,19.0,63.0,43.0,25.0,40.0,21.0,67.0,84.0,26.0,30.0,48.0,43.0,18.0,77.0,58.0,70.0,47.0,6.0,1.0,21.0,50.0
2021-04-24,17.0,51.0,27.0,70.0,44.0,25.0,43.0,26.0,72.0,69.0,12.0,10.0,47.0,31.0,18.0,66.0,52.0,59.0,39.0,6.0,1.0,23.0,54.0
2021-04-25,18.0,73.0,12.0,75.0,47.0,26.0,47.0,29.0,80.0,59.0,16.0,13.0,46.0,34.0,15.0,50.0,61.0,61.0,41.0,7.0,1.0,25.0,57.0
2021-04-26,19.0,57.0,12.0,62.0,43.0,26.0,43.0,20.0,72.0,62.0,25.0,35.0,49.0,44.0,16.0,62.0,63.0,72.0,49.0,6.0,1.0,21.0,53.0
2021-04-27,19.0,62.0,12.0,62.0,59.0,27.0,41.0,19.0,72.0,61.0,23.0,38.0,49.0,43.0,18.0,74.0,63.0,73.0,50.0,6.0,1.0,21.0,50.0
2021-04-28,18.0,60.0,12.0,63.0,26.0,28.0,41.0,18.0,69.0,65.0,25.0,37.0,53.0,42.0,18.0,67.0,59.0,77.0,49.0,5.0,1.0,22.0,50.0
2021-04-29,18.0,63.0,17.0,64.0,67.0,25.0,41.0,20.0,72.0,63.0,26.0,35.0,47.0,35.0,17.0,63.0,61.0,73.0,47.0,5.0,1.0,20.0,49.0
2021-04-30,15.0,62.0,16.0,55.0,67.0,25.0,40.0,18.0,68.0,59.0,24.0,32.0,47.0,38.0,17.0,64.0,55.0,68.0,43.0,5.0,1.0,21.0,51.0
2021-05-01,16.0,48.0,15.0,69.0,57.0,24.0,43.0,24.0,70.0,55.0,14.0,14.0,47.0,33.0,20.0,58.0,56.0,60.0,38.0,5.0,1.0,24.0,60.0
2021-05-02,15.0,62.0,30.0,63.0,31.0,26.0,44.0,26.0,74.0,57.0,14.0,15.0,47.0,38.0,19.0,80.0,63.0,59.0,35.0,5.0,0.0,24.0,58.0
2021-05-03,16.0,53.0,18.0,61.0,47.0,26.0,43.0,20.0,73.0,63.0,23.0,33.0,51.0,42.0,24.0,59.0,64.0,69.0,42.0,4.0,1.0,22.0,54.0
2021-05-04,14.0,60.0,14.0,60.0,47.0,26.0,43.0,18.0,67.0,61.0,24.0,34.0,54.0,39.0,27.0,62.0,61.0,71.0,47.0,5.0,1.0,22.0,49.0
2021-05-05,16.0,69.0,9.0,63.0,49.0,26.0,41.0,20.0,67.0,63.0,20.0,36.0,49.0,41.0,33.0,54.0,56.0,76.0,44.0,5.0,1.0,20.0,49.0
2021-05-06,14.0,75.0,18.0,63.0,48.0,25.0,40.0,20.0,67.0,61.0,25.0,29.0,48.0,37.0,32.0,72.0,61.0,72.0,47.0,5.0,1.0,22.0,50.0
2021-05-07,14.0,55.0,32.0,57.0,37.0,26.0,41.0,21.0,67.0,64.0,22.0,31.0,50.0,42.0,28.0,55.0,57.0,72.0,46.0,5.0,1.0,22.0,54.0
2021-05-08,13.0,75.0,21.0,62.0,57.0,24.0,40.0,25.0,76.0,58.0,10.0,12.0,50.0,32.0,32.0,74.0,56.0,59.0,34.0,5.0,1.0,25.0,58.0
2021-05-09,12.0,35.0,17.0,64.0,55.0,25.0,45.0,26.0,73.0,56.0,11.0,9.0,45.0,39.0,34.0,69.0,55.0,54.0,35.0,4.0,0.0,24.0,56.0
2021-05-10,15.0,71.0,19.0,55.0,52.0,27.0,43.0,18.0,70.0,62.0,22.0,34.0,50.0,39.0,32.0,58.0,61.0,69.0,45.0,6.0,1.0,22.0,54.0
2021-05-11,15.0,62.0,18.0,61.0,68.0,25.0,41.0,17.0,76.0,61.0,26.0,23.0,50.0,39.0,29.0,63.0,59.0,74.0,47.0,5.0,1.0,22.0,52.0
2021-05-12,14.0,69.0,17.0,55.0,53.0,25.0,39.0,18.0,69.0,62.0,26.0,32.0,47.0,41.0,27.0,59.0,58.0,75.0,44.0,4.0,1.0,22.0,49.0
2021-05-13,13.0,62.0,11.0,55.0,77.0,28.0,40.0,19.0,70.0,63.0,22.0,18.0,49.0,41.0,25.0,65.0,56.0,72.0,41.0,4.0,1.0,21.0,52.0
2021-05-14,13.0,54.0,13.0,57.0,31.0,26.0,40.0,20.0,67.0,62.0,21.0,19.0,51.0,42.0,25.0,59.0,59.0,62.0,40.0,5.0,1.0,22.0,56.0
2021-05-15,12.0,66.0,20.0,71.0,47.0,25.0,41.0,23.0,67.0,55.0,11.0,16.0,49.0,35.0,29.0,73.0,53.0,59.0,33.0,3.0,1.0,24.0,63.0
2021-05-16,11.0,62.0,18.0,74.0,78.0,26.0,46.0,28.0,76.0,54.0,10.0,13.0,47.0,33.0,26.0,54.0,53.0,56.0,37.0,4.0,1.0,28.0,59.0
2021-05-17,13.0,59.0,16.0,58.0,60.0,26.0,43.0,20.0,68.0,60.0,18.0,31.0,50.0,35.0,21.0,66.0,63.0,70.0,40.0,5.0,1.0,22.0,58.0
2021-05-18,13.0,71.0,14.0,62.0,36.0,27.0,42.0,16.0,69.0,61.0,19.0,19.0,51.0,38.0,23.0,62.0,56.0,72.0,44.0,4.0,1.0,22.0,58.0
2021-05-19,12.0,54.0,20.0,62.0,80.0,26.0,40.0,18.0,72.0,64.0,17.0,27.0,48.0,38.0,22.0,71.0,61.0,70.0,45.0,5.0,1.0,21.0,55.0
2021-05-20,12.0,62.0,23.0,61.0,37.0,27.0,41.0,21.0,63.0,61.0,17.0,32.0,49.0,37.0,19.0,70.0,59.0,71.0,42.0,3.0,1.0,20.0,57.0
2021-05-21,11.0,61.0,20.0,63.0,38.0,26.0,40.0,20.0,63.0,60.0,18.0,26.0,51.0,34.0,18.0,58.0,60.0,67.0,43.0,4.0,1.0,23.0,62.0
2021-05-22,11.0,62.0,24.0,64.0,69.0,28.0,43.0,22.0,67.0,54.0,9.0,9.0,51.0,30.0,18.0,66.0,56.0,58.0,35.0,4.0,1.0,25.0,68.0
2021-05-23,11.0,74.0,28.0,71.0,79.0,28.0,45.0,23.0,81.0,54.0,9.0,9.0,49.0,38.0,20.0,69.0,61.0,60.0,31.0,4.0,1.0,26.0,68.0
2021-05-24,12.0,76.0,23.0,62.0,51.0,29.0,44.0,19.0,69.0,60.0,16.0,26.0,52.0,35.0,16.0,50.0,63.0,67.0,41.0,5.0,1.0,25.0,67.0
2021-05-25,12.0,50.0,11.0,59.0,39.0,32.0,42.0,19.0,65.0,58.0,19.0,24.0,52.0,38.0,18.0,57.0,63.0,70.0,42.0,5.0,1.0,25.0,63.0
2021-05-26,11.0,62.0,11.0,60.0,63.0,28.0,41.0,17.0,61.0,67.0,18.0,26.0,50.0,40.0,19.0,44.0,67.0,70.0,39.0,3.0,1.0,24.0,59.0
2021-05-27,9.0,60.0,11.0,57.0,49.0,26.0,41.0,15.0,61.0,59.0,16.0,25.0,49.0,34.0,17.0,58.0,67.0,66.0,41.0,5.0,1.0,24.0,61.0
2021-05-28,9.0,61.0,27.0,62.0,30.0,26.0,42.0,18.0,60.0,56.0,16.0,13.0,52.0,36.0,15.0,51.0,67.0,60.0,36.0,4.0,1.0,23.0,64.0
2021-05-29,9.0,34.0,10.0,59.0,65.0,28.0,43.0,20.0,67.0,57.0,7.0,6.0,58.0,37.0,15.0,62.0,63.0,53.0,33.0,4.0,0.0,28.0,72.0
2021-05-30,9.0,72.0,24.0,66.0,34.0,37.0,48.0,22.0,69.0,54.0,9.0,12.0,51.0,40.0,15.0,68.0,59.0,52.0,36.0,4.0,1.0,26.0,78.0
2021-05-31,9.0,59.0,11.0,70.0,47.0,37.0,48.0,25.0,68.0,51.0,12.0,7.0,49.0,38.0,15.0,72.0,65.0,54.0,33.0,4.0,1.0,25.0,80.0
2021-06-01,10.0,69.0,14.0,58.0,36.0,29.0,42.0,19.0,61.0,55.0,14.0,11.0,52.0,39.0,13.0,48.0,62.0,63.0,38.0,5.0,1.0,24.0,69.0
2021-06-02,9.0,72.0,12.0,60.0,71.0,26.0,41.0,18.0,60.0,63.0,16.0,18.0,51.0,38.0,18.0,68.0,62.0,69.0,39.0,5.0,2.0,25.0,64.0
2021-06-03,9.0,70.0,15.0,54.0,48.0,28.0,43.0,19.0,60.0,60.0,16.0,16.0,49.0,37.0,17.0,61.0,68.0,71.0,42.0,5.0,2.0,25.0,64.0
2021-06-04,9.0,72.0,13.0,55.0,27.0,28.0,43.0,20.0,59.0,60.0,16.0,15.0,52.0,38.0,15.0,67.0,69.0,70.0,38.0,4.0,1.0,25.0,68.0
2021-06-05,9.0,63.0,25.0,71.0,64.0,29.0,45.0,19.0,59.0,53.0,8.0,9.0,51.0,33.0,15.0,80.0,68.0,61.0,36.0,5.0,1.0,28.0,79.0
2021-06-06,9.0,76.0,17.0,68.0,28.0,28.0,47.0,22.0,63.0,51.0,10.0,11.0,47.0,37.0,14.0,59.0,74.0,59.0,37.0,4.0,1.0,26.0,78.0
2021-06-07,9.0,57.0,17.0,55.0,43.0,26.0,46.0,18.0,58.0,55.0,14.0,17.0,50.0,42.0,13.0,63.0,67.0,68.0,31.0,5.0,1.0,24.0,67.0
2021-06-08,9.0,70.0,16.0,55.0,51.0,26.0,45.0,17.0,58.0,56.0,16.0,17.0,52.0,36.0,15.0,63.0,65.0,72.0,38.0,4.0,1.0,24.0,65.0
2021-06-09,9.0,58.0,13.0,61.0,67.0,27.0,42.0,16.0,61.0,61.0,16.0,11.0,50.0,39.0,13.0,58.0,71.0,74.0,37.0,4.0,2.0,24.0,62.0
2021-06-10,9.0,79.0,19.0,58.0,37.0,28.0,41.0,18.0,58.0,60.0,15.0,13.0,51.0,44.0,13.0,66.0,70.0,72.0,37.0,5.0,3.0,24.0,65.0
2021-06-11,10.0,62.0,27.0,55.0,28.0,27.0,43.0,17.0,56.0,58.0,14.0,12.0,53.0,40.0,15.0,67.0,61.0,68.0,38.0,5.0,3.0,26.0,70.0
2021-06-12,8.0,70.0,9.0,65.0,83.0,28.0,44.0,20.0,58.0,60.0,8.0,9.0,49.0,40.0,14.0,75.0,65.0,56.0,31.0,5.0,2.0,25.0,75.0
2021-06-13,9.0,72.0,25.0,66.0,34.0,29.0,49.0,21.0,60.0,56.0,9.0,10.0,48.0,37.0,16.0,73.0,70.0,56.0,33.0,5.0,2.0,26.0,80.0
2021-06-14,10.0,65.0,12.0,58.0,44.0,29.0,44.0,17.0,58.0,57.0,12.0,14.0,52.0,38.0,15.0,50.0,72.0,68.0,36.0,5.0,2.0,25.0,71.0
2021-06-15,9.0,76.0,26.0,57.0,40.0,29.0,43.0,16.0,58.0,60.0,12.0,16.0,52.0,46.0,16.0,47.0,67.0,71.0,38.0,5.0,2.0,23.0,67.0
2021-06-16,10.0,64.0,15.0,63.0,67.0,28.0,42.0,17.0,59.0,64.0,11.0,15.0,51.0,40.0,15.0,59.0,66.0,70.0,39.0,5.0,2.0,25.0,66.0
2021-06-17,9.0,78.0,20.0,55.0,44.0,32.0,43.0,17.0,58.0,64.0,10.0,20.0,51.0,39.0,16.0,72.0,68.0,70.0,39.0,4.0,2.0,24.0,67.0
2021-06-18,9.0,67.0,27.0,54.0,36.0,29.0,43.0,19.0,57.0,57.0,11.0,14.0,54.0,40.0,16.0,52.0,68.0,66.0,39.0,4.0,1.0,27.0,71.0
2021-06-19,9.0,55.0,31.0,59.0,74.0,30.0,45.0,22.0,59.0,60.0,7.0,13.0,51.0,41.0,14.0,55.0,68.0,55.0,34.0,5.0,1.0,27.0,79.0
2021-06-20,9.0,63.0,17.0,63.0,43.0,30.0,48.0,23.0,60.0,52.0,7.0,8.0,47.0,36.0,13.0,62.0,68.0,52.0,35.0,9.0,1.0,25.0,78.0
2021-06-21,9.0,58.0,16.0,52.0,56.0,28.0,42.0,16.0,55.0,57.0,11.0,11.0,51.0,53.0,13.0,55.0,69.0,67.0,34.0,8.0,1.0,22.0,70.0
2021-06-22,10.0,78.0,21.0,53.0,38.0,28.0,43.0,18.0,59.0,60.0,13.0,17.0,52.0,60.0,15.0,60.0,66.0,68.0,40.0,7.0,1.0,25.0,70.0
2021-06-23,10.0,66.0,12.0,56.0,66.0,28.0,42.0,18.0,62.0,63.0,15.0,11.0,52.0,43.0,15.0,69.0,64.0,67.0,37.0,11.0,1.0,25.0,67.0
2021-06-24,10.0,86.0,17.0,59.0,33.0,29.0,44.0,18.0,59.0,60.0,12.0,11.0,53.0,40.0,12.0,62.0,61.0,72.0,37.0,12.0,1.0,26.0,70.0
2021-06-25,8.0,61.0,32.0,65.0,30.0,27.0,44.0,15.0,54.0,56.0,9.0,12.0,53.0,35.0,13.0,48.0,64.0,68.0,36.0,9.0,1.0,23.0,70.0
2021-06-26,9.0,45.0,22.0,61.0,53.0,31.0,47.0,22.0,57.0,51.0,8.0,10.0,52.0,45.0,13.0,69.0,67.0,57.0,32.0,9.0,1.0,26.0,80.0
2021-06-27,9.0,61.0,19.0,64.0,91.0,31.0,48.0,20.0,63.0,55.0,7.0,13.0,50.0,51.0,13.0,60.0,73.0,54.0,34.0,9.0,1.0,29.0,84.0
2021-06-28,10.0,75.0,24.0,57.0,34.0,28.0,45.0,19.0,55.0,54.0,11.0,12.0,54.0,66.0,13.0,52.0,84.0,69.0,35.0,9.0,1.0,23.0,80.0
2021-06-29,11.0,81.0,13.0,50.0,31.0,28.0,44.0,17.0,58.0,60.0,11.0,10.0,54.0,67.0,14.0,82.0,83.0,70.0,39.0,8.0,1.0,26.0,77.0
2021-06-30,10.0,77.0,19.0,55.0,55.0,28.0,43.0,17.0,59.0,62.0,14.0,11.0,52.0,59.0,12.0,62.0,72.0,71.0,37.0,13.0,1.0,24.0,69.0
2021-07-01,10.0,76.0,10.0,54.0,53.0,26.0,41.0,17.0,56.0,61.0,13.0,12.0,53.0,57.0,12.0,54.0,64.0,66.0,35.0,7.0,1.0,26.0,68.0
2021-07-02,10.0,63.0,11.0,57.0,30.0,33.0,40.0,18.0,56.0,58.0,12.0,12.0,53.0,69.0,11.0,75.0,60.0,66.0,35.0,7.0,1.0,25.0,76.0
2021-07-03,9.0,65.0,26.0,66.0,70.0,33.0,45.0,20.0,58.0,54.0,8.0,11.0,52.0,74.0,12.0,70.0,63.0,56.0,31.0,7.0,1.0,28.0,87.0
2021-07-04,10.0,56.0,20.0,63.0,57.0,32.0,44.0,22.0,55.0,52.0,7.0,14.0,54.0,62.0,11.0,72.0,68.0,54.0,35.0,6.0,1.0,25.0,98.0
2021-07-05,10.0,71.0,16.0,59.0,58.0,33.0,48.0,20.0,58.0,50.0,8.0,17.0,57.0,51.0,11.0,56.0,67.0,57.0,33.0,6.0,1.0,24.0,98.0
2021-07-06,12.0,86.0,18.0,55.0,45.0,29.0,44.0,17.0,55.0,56.0,12.0,14.0,57.0,57.0,13.0,62.0,67.0,63.0,40.0,8.0,1.0,24.0,78.0
2021-07-07,13.0,76.0,16.0,56.0,66.0,28.0,43.0,16.0,57.0,62.0,13.0,15.0,53.0,52.0,12.0,65.0,63.0,69.0,35.0,7.0,1.0,24.0,71.0
2021-07-08,13.0,60.0,18.0,58.0,34.0,28.0,43.0,17.0,56.0,58.0,10.0,13.0,54.0,46.0,11.0,49.0,62.0,72.0,34.0,5.0,1.0,25.0,71.0
2021-07-09,14.0,68.0,18.0,55.0,29.0,29.0,45.0,17.0,58.0,57.0,10.0,7.0,54.0,54.0,11.0,57.0,62.0,69.0,40.0,7.0,1.0,23.0,74.0
2021-07-10,13.0,72.0,20.0,62.0,65.0,31.0,45.0,21.0,56.0,51.0,7.0,9.0,52.0,50.0,11.0,52.0,66.0,61.0,35.0,9.0,1.0,26.0,82.0
2021-07-11,12.0,63.0,26.0,59.0,42.0,36.0,53.0,21.0,59.0,49.0,7.0,5.0,49.0,76.0,14.0,62.0,56.0,57.0,35.0,7.0,1.0,29.0,79.0
2021-07-12,14.0,77.0,14.0,56.0,55.0,32.0,45.0,19.0,59.0,57.0,11.0,6.0,54.0,44.0,10.0,63.0,67.0,68.0,38.0,8.0,1.0,25.0,75.0
2021-07-13,14.0,84.0,25.0,52.0,44.0,31.0,46.0,17.0,60.0,58.0,10.0,14.0,51.0,50.0,10.0,78.0,62.0,72.0,39.0,8.0,1.0,25.0,69.0
2021-07-14,15.0,95.0,15.0,64.0,63.0,31.0,43.0,18.0,58.0,60.0,13.0,15.0,52.0,46.0,11.0,63.0,62.0,76.0,37.0,8.0,1.0,24.0,67.0
2021-07-15,16.0,61.0,23.0,56.0,37.0,31.0,43.0,16.0,55.0,55.0,11.0,17.0,52.0,45.0,10.0,65.0,61.0,72.0,37.0,8.0,1.0,26.0,68.0
2021-07-16,16.0,75.0,19.0,58.0,27.0,29.0,42.0,19.0,56.0,59.0,14.0,15.0,52.0,39.0,10.0,64.0,61.0,68.0,37.0,8.0,1.0,25.0,72.0
2021-07-17,16.0,67.0,20.0,60.0,70.0,30.0,45.0,20.0,59.0,52.0,8.0,9.0,51.0,41.0,10.0,82.0,66.0,66.0,38.0,8.0,1.0,28.0,79.0
2021-07-18,18.0,70.0,23.0,65.0,48.0,31.0,47.0,20.0,60.0,48.0,8.0,16.0,49.0,46.0,11.0,67.0,61.0,58.0,36.0,8.0,1.0,28.0,80.0
2021-07-19,21.0,78.0,15.0,63.0,48.0,29.0,44.0,18.0,58.0,55.0,11.0,11.0,52.0,48.0,9.0,66.0,63.0,70.0,40.0,11.0,1.0,28.0,73.0
2021-07-20,22.0,67.0,24.0,55.0,44.0,29.0,41.0,15.0,56.0,57.0,13.0,12.0,52.0,49.0,12.0,69.0,61.0,67.0,39.0,10.0,2.0,22.0,67.0
2021-07-21,23.0,90.0,12.0,62.0,66.0,28.0,43.0,17.0,57.0,64.0,16.0,8.0,51.0,44.0,10.0,49.0,61.0,73.0,37.0,9.0,1.0,25.0,66.0
2021-07-22,25.0,64.0,16.0,58.0,40.0,29.0,43.0,16.0,56.0,60.0,13.0,11.0,49.0,45.0,9.0,65.0,61.0,70.0,41.0,10.0,1.0,24.0,68.0
2021-07-23,23.0,71.0,16.0,57.0,30.0,27.0,42.0,15.0,50.0,56.0,13.0,11.0,51.0,59.0,9.0,65.0,60.0,70.0,39.0,11.0,1.0,24.0,71.0
2021-07-24,23.0,70.0,17.0,65.0,68.0,28.0,48.0,22.0,61.0,55.0,8.0,5.0,49.0,100.0,11.0,57.0,62.0,58.0,35.0,13.0,1.0,29.0,79.0
2021-07-25,25.0,54.0,20.0,64.0,41.0,29.0,52.0,23.0,63.0,49.0,9.0,8.0,48.0,92.0,10.0,56.0,72.0,59.0,37.0,13.0,1.0,28.0,78.0
2021-07-26,28.0,73.0,12.0,66.0,55.0,26.0,51.0,18.0,63.0,54.0,13.0,14.0,54.0,89.0,11.0,53.0,72.0,73.0,37.0,12.0,1.0,25.0,71.0
2021-07-27,30.0,69.0,14.0,63.0,39.0,30.0,47.0,16.0,63.0,56.0,14.0,10.0,51.0,73.0,9.0,65.0,71.0,70.0,37.0,14.0,2.0,26.0,68.0
2021-07-28,32.0,72.0,18.0,63.0,68.0,28.0,48.0,14.0,60.0,66.0,15.0,11.0,51.0,73.0,11.0,69.0,71.0,76.0,47.0,15.0,2.0,25.0,65.0
2021-07-29,32.0,86.0,11.0,64.0,56.0,28.0,45.0,17.0,58.0,60.0,14.0,13.0,50.0,74.0,11.0,61.0,72.0,71.0,40.0,16.0,2.0,26.0,64.0
2021-07-30,31.0,68.0,14.0,61.0,33.0,27.0,47.0,18.0,58.0,60.0,13.0,11.0,51.0,68.0,11.0,61.0,62.0,65.0,41.0,17.0,2.0,24.0,65.0
2021-07-31,32.0,72.0,29.0,70.0,73.0,28.0,47.0,20.0,61.0,58.0,9.0,11.0,49.0,67.0,11.0,63.0,64.0,57.0,42.0,15.0,2.0,28.0,73.0
2021-08-01,34.0,63.0,23.0,72.0,44.0,28.0,48.0,20.0,63.0,55.0,9.0,9.0,47.0,74.0,12.0,57.0,63.0,55.0,41.0,15.0,2.0,28.0,72.0
2021-08-02,38.0,75.0,12.0,62.0,49.0,25.0,43.0,16.0,59.0,57.0,13.0,7.0,52.0,81.0,9.0,63.0,60.0,67.0,40.0,18.0,2.0,25.0,67.0
2021-08-03,40.0,87.0,18.0,65.0,35.0,26.0,45.0,15.0,56.0,58.0,12.0,10.0,49.0,98.0,10.0,74.0,56.0,68.0,46.0,19.0,3.0,25.0,63.0
2021-08-04,41.0,77.0,10.0,67.0,76.0,26.0,45.0,17.0,60.0,67.0,11.0,10.0,51.0,84.0,10.0,74.0,64.0,76.0,44.0,20.0,2.0,26.0,62.0
2021-08-05,39.0,69.0,24.0,62.0,37.0,28.0,46.0,16.0,57.0,59.0,14.0,12.0,51.0,71.0,13.0,67.0,62.0,73.0,47.0,21.0,3.0,27.0,63.0
2021-08-06,38.0,84.0,16.0,67.0,34.0,29.0,43.0,16.0,57.0,59.0,11.0,12.0,53.0,74.0,12.0,45.0,58.0,71.0,44.0,21.0,3.0,29.0,70.0
2021-08-07,38.0,70.0,30.0,72.0,69.0,26.0,45.0,20.0,59.0,57.0,10.0,8.0,52.0,72.0,13.0,72.0,56.0,55.0,42.0,20.0,2.0,38.0,72.0
2021-08-08,37.0,74.0,17.0,69.0,43.0,31.0,48.0,20.0,63.0,49.0,10.0,7.0,49.0,76.0,12.0,69.0,57.0,56.0,43.0,19.0,2.0,32.0,71.0
2021-08-09,41.0,74.0,15.0,62.0,50.0,27.0,43.0,16.0,54.0,59.0,13.0,15.0,51.0,62.0,10.0,75.0,60.0,61.0,41.0,26.0,2.0,32.0,67.0
2021-08-10,42.0,77.0,18.0,59.0,35.0,26.0,43.0,17.0,55.0,60.0,12.0,16.0,49.0,46.0,13.0,69.0,65.0,68.0,46.0,37.0,3.0,32.0,61.0
2021-08-11,39.0,86.0,15.0,62.0,63.0,26.0,42.0,16.0,55.0,64.0,13.0,16.0,51.0,42.0,14.0,67.0,68.0,72.0,45.0,33.0,3.0,30.0,59.0
2021-08-12,41.0,73.0,20.0,57.0,36.0,27.0,43.0,16.0,54.0,60.0,15.0,18.0,51.0,45.0,13.0,91.0,61.0,69.0,49.0,37.0,3.0,32.0,59.0
2021-08-13,39.0,92.0,18.0,65.0,33.0,25.0,41.0,14.0,54.0,60.0,8.0,13.0,52.0,40.0,14.0,69.0,61.0,68.0,48.0,36.0,3.0,32.0,64.0
2021-08-14,40.0,67.0,25.0,73.0,87.0,26.0,44.0,20.0,60.0,57.0,10.0,11.0,52.0,35.0,15.0,86.0,65.0,61.0,43.0,36.0,2.0,34.0,71.0
2021-08-15,39.0,70.0,16.0,73.0,42.0,30.0,45.0,20.0,59.0,52.0,11.0,9.0,51.0,39.0,14.0,70.0,56.0,54.0,43.0,33.0,2.0,33.0,70.0
2021-08-16,42.0,89.0,10.0,58.0,49.0,55.0,41.0,17.0,56.0,59.0,12.0,11.0,52.0,44.0,14.0,63.0,61.0,67.0,44.0,35.0,3.0,30.0,62.0
2021-08-17,41.0,76.0,19.0,58.0,43.0,61.0,39.0,14.0,56.0,60.0,12.0,16.0,51.0,42.0,12.0,76.0,57.0,67.0,45.0,39.0,3.0,27.0,60.0
2021-08-18,42.0,98.0,16.0,65.0,67.0,40.0,39.0,17.0,57.0,66.0,10.0,13.0,49.0,43.0,10.0,59.0,61.0,73.0,48.0,39.0,3.0,25.0,59.0
2021-08-19,42.0,60.0,20.0,66.0,37.0,35.0,38.0,16.0,63.0,61.0,11.0,13.0,49.0,38.0,12.0,56.0,55.0,69.0,47.0,38.0,3.0,26.0,57.0
2021-08-20,41.0,66.0,22.0,64.0,39.0,33.0,39.0,15.0,57.0,59.0,10.0,13.0,52.0,37.0,16.0,77.0,56.0,64.0,45.0,38.0,3.0,26.0,60.0
2021-08-21,42.0,71.0,33.0,73.0,85.0,32.0,43.0,16.0,63.0,56.0,7.0,10.0,50.0,32.0,14.0,78.0,55.0,58.0,43.0,58.0,3.0,30.0,64.0
2021-08-22,41.0,79.0,18.0,72.0,43.0,31.0,45.0,22.0,68.0,55.0,8.0,11.0,46.0,37.0,14.0,67.0,55.0,57.0,50.0,48.0,2.0,30.0,62.0
2021-08-23,45.0,85.0,12.0,62.0,40.0,28.0,41.0,14.0,60.0,59.0,11.0,15.0,49.0,36.0,16.0,59.0,58.0,64.0,48.0,56.0,3.0,26.0,58.0
2021-08-24,45.0,74.0,21.0,68.0,28.0,32.0,39.0,15.0,59.0,60.0,13.0,18.0,49.0,41.0,14.0,59.0,61.0,66.0,50.0,61.0,3.0,24.0,58.0
2021-08-25,43.0,95.0,22.0,62.0,72.0,29.0,39.0,15.0,61.0,70.0,13.0,18.0,47.0,37.0,12.0,70.0,70.0,72.0,47.0,52.0,3.0,22.0,54.0
2021-08-26,44.0,64.0,16.0,58.0,35.0,28.0,39.0,16.0,62.0,64.0,12.0,17.0,49.0,43.0,12.0,69.0,67.0,67.0,48.0,66.0,3.0,26.0,55.0
2021-08-27,41.0,61.0,25.0,64.0,33.0,30.0,38.0,16.0,57.0,62.0,13.0,23.0,50.0,39.0,14.0,57.0,60.0,61.0,53.0,62.0,2.0,24.0,58.0
2021-08-28,40.0,85.0,23.0,71.0,85.0,26.0,43.0,19.0,66.0,68.0,9.0,18.0,50.0,37.0,18.0,76.0,54.0,60.0,49.0,57.0,2.0,29.0,63.0
2021-08-29,39.0,68.0,21.0,73.0,30.0,27.0,44.0,22.0,66.0,57.0,7.0,15.0,43.0,38.0,17.0,80.0,51.0,55.0,47.0,49.0,2.0,30.0,62.0
2021-08-30,43.0,74.0,23.0,61.0,52.0,28.0,39.0,14.0,62.0,63.0,12.0,20.0,47.0,34.0,13.0,60.0,56.0,67.0,48.0,66.0,2.0,25.0,61.0
2021-08-31,41.0,75.0,14.0,63.0,39.0,28.0,39.0,18.0,63.0,66.0,13.0,17.0,47.0,40.0,14.0,56.0,57.0,63.0,47.0,60.0,3.0,24.0,63.0
2021-09-01,40.0,100.0,22.0,66.0,77.0,26.0,38.0,16.0,65.0,69.0,13.0,20.0,45.0,37.0,16.0,58.0,56.0,71.0,50.0,60.0,3.0,22.0,57.0
2021-09-02,39.0,67.0,16.0,56.0,42.0,32.0,39.0,13.0,64.0,65.0,13.0,21.0,48.0,40.0,20.0,74.0,58.0,69.0,52.0,100.0,3.0,22.0,58.0
2021-09-03,38.0,75.0,13.0,63.0,30.0,29.0,38.0,15.0,62.0,60.0,13.0,20.0,49.0,39.0,19.0,54.0,50.0,65.0,49.0,76.0,2.0,24.0,56.0
2021-09-04,36.0,63.0,22.0,76.0,83.0,28.0,41.0,18.0,61.0,56.0,8.0,12.0,48.0,31.0,25.0,57.0,51.0,56.0,47.0,74.0,1.0,28.0,64.0
2021-09-05,36.0,48.0,22.0,69.0,42.0,27.0,42.0,21.0,65.0,53.0,7.0,10.0,46.0,31.0,21.0,72.0,55.0,50.0,46.0,67.0,2.0,26.0,66.0
2021-09-06,36.0,65.0,19.0,77.0,45.0,28.0,45.0,19.0,68.0,55.0,10.0,18.0,46.0,38.0,18.0,48.0,58.0,55.0,46.0,62.0,2.0,29.0,61.0
2021-09-07,43.0,73.0,20.0,60.0,43.0,26.0,39.0,14.0,67.0,59.0,14.0,18.0,49.0,37.0,17.0,71.0,53.0,66.0,48.0,74.0,2.0,22.0,53.0
2021-09-08,41.0,75.0,15.0,55.0,92.0,26.0,38.0,17.0,67.0,67.0,14.0,15.0,50.0,40.0,16.0,64.0,58.0,72.0,49.0,81.0,2.0,23.0,52.0
2021-09-09,39.0,93.0,27.0,55.0,41.0,29.0,39.0,16.0,67.0,63.0,16.0,29.0,47.0,36.0,18.0,62.0,53.0,64.0,49.0,65.0,2.0,21.0,49.0
2021-09-10,34.0,69.0,16.0,68.0,32.0,33.0,42.0,16.0,61.0,63.0,15.0,27.0,48.0,33.0,18.0,64.0,49.0,71.0,54.0,49.0,2.0,21.0,50.0
2021-09-11,31.0,78.0,18.0,77.0,85.0,58.0,42.0,19.0,63.0,56.0,10.0,10.0,47.0,34.0,24.0,58.0,51.0,55.0,43.0,31.0,1.0,25.0,54.0
2021-09-12,31.0,70.0,17.0,78.0,44.0,42.0,46.0,21.0,69.0,53.0,9.0,17.0,47.0,37.0,21.0,74.0,48.0,56.0,42.0,30.0,2.0,26.0,51.0
2021-09-13,36.0,75.0,20.0,66.0,61.0,31.0,45.0,16.0,72.0,63.0,14.0,23.0,49.0,41.0,16.0,69.0,52.0,68.0,53.0,35.0,2.0,22.0,50.0
2021-09-14,36.0,61.0,14.0,58.0,38.0,26.0,40.0,15.0,68.0,59.0,16.0,22.0,47.0,37.0,14.0,56.0,52.0,72.0,51.0,33.0,2.0,21.0,47.0
2021-09-15,33.0,70.0,19.0,57.0,91.0,27.0,38.0,15.0,71.0,71.0,16.0,24.0,48.0,45.0,17.0,60.0,51.0,78.0,53.0,32.0,2.0,21.0,46.0
2021-09-16,31.0,70.0,18.0,65.0,41.0,25.0,40.0,17.0,69.0,63.0,17.0,19.0,48.0,43.0,21.0,58.0,55.0,78.0,48.0,30.0,2.0,23.0,47.0
2021-09-17,29.0,71.0,27.0,59.0,43.0,28.0,39.0,15.0,67.0,63.0,14.0,26.0,49.0,39.0,19.0,56.0,52.0,71.0,48.0,34.0,2.0,24.0,50.0
2021-09-18,28.0,58.0,30.0,75.0,77.0,28.0,41.0,19.0,66.0,56.0,11.0,15.0,46.0,33.0,20.0,72.0,51.0,53.0,43.0,30.0,1.0,25.0,51.0
2021-09-19,29.0,57.0,20.0,76.0,49.0,36.0,43.0,20.0,69.0,53.0,10.0,14.0,44.0,35.0,18.0,67.0,51.0,56.0,46.0,24.0,2.0,29.0,51.0
2021-09-20,32.0,72.0,8.0,56.0,55.0,29.0,42.0,18.0,69.0,60.0,16.0,30.0,50.0,38.0,13.0,65.0,52.0,69.0,54.0,24.0,1.0,22.0,49.0
2021-09-21,30.0,55.0,13.0,56.0,44.0,25.0,42.0,18.0,71.0,63.0,16.0,33.0,49.0,48.0,14.0,66.0,52.0,74.0,50.0,34.0,2.0,22.0,45.0
2021-09-22,29.0,81.0,10.0,58.0,68.0,26.0,39.0,14.0,70.0,69.0,16.0,28.0,49.0,40.0,14.0,80.0,56.0,75.0,49.0,23.0,1.0,22.0,43.0
2021-09-23,26.0,70.0,13.0,56.0,53.0,25.0,38.0,16.0,68.0,64.0,18.0,27.0,45.0,44.0,18.0,68.0,53.0,71.0,48.0,22.0,2.0,20.0,44.0
2021-09-24,25.0,63.0,25.0,57.0,36.0,25.0,40.0,17.0,66.0,60.0,16.0,34.0,48.0,33.0,17.0,61.0,54.0,68.0,45.0,20.0,2.0,22.0,48.0
2021-09-25,24.0,49.0,16.0,65.0,31.0,25.0,40.0,20.0,65.0,53.0,8.0,15.0,49.0,30.0,22.0,78.0,51.0,57.0,43.0,19.0,1.0,24.0,50.0
2021-09-26,23.0,50.0,17.0,76.0,43.0,24.0,44.0,22.0,67.0,53.0,9.0,12.0,45.0,33.0,16.0,68.0,46.0,57.0,41.0,14.0,1.0,27.0,46.0
2021-09-27,29.0,75.0,15.0,58.0,37.0,24.0,42.0,16.0,69.0,60.0,18.0,28.0,47.0,41.0,13.0,46.0,51.0,73.0,50.0,17.0,1.0,22.0,46.0
2021-09-28,27.0,69.0,24.0,56.0,62.0,24.0,39.0,19.0,71.0,63.0,15.0,37.0,50.0,40.0,14.0,61.0,57.0,71.0,46.0,19.0,1.0,22.0,44.0
2021-09-29,26.0,79.0,21.0,56.0,100.0,24.0,38.0,19.0,72.0,69.0,18.0,26.0,46.0,41.0,16.0,67.0,55.0,75.0,50.0,19.0,1.0,20.0,44.0
2021-09-30,26.0,73.0,23.0,55.0,41.0,27.0,38.0,19.0,67.0,63.0,20.0,30.0,47.0,44.0,17.0,46.0,59.0,75.0,51.0,17.0,1.0,21.0,45.0
2021-10-01,24.0,73.0,16.0,62.0,34.0,26.0,38.0,16.0,67.0,66.0,15.0,35.0,49.0,41.0,18.0,87.0,51.0,72.0,48.0,24.0,1.0,22.0,46.0
2021-10-02,20.0,52.0,32.0,71.0,34.0,25.0,38.0,22.0,63.0,56.0,8.0,10.0,47.0,27.0,21.0,93.0,46.0,60.0,41.0,20.0,1.0,25.0,50.0
2021-10-03,21.0,61.0,11.0,79.0,32.0,25.0,42.0,23.0,67.0,55.0,9.0,14.0,49.0,33.0,19.0,70.0,48.0,57.0,41.0,17.0,1.0,26.0,45.0
2021-10-04,24.0,79.0,16.0,55.0,30.0,25.0,39.0,17.0,68.0,58.0,15.0,31.0,46.0,38.0,15.0,53.0,49.0,70.0,42.0,18.0,1.0,21.0,45.0
2021-10-05,24.0,70.0,6.0,58.0,32.0,25.0,39.0,17.0,69.0,61.0,18.0,32.0,47.0,35.0,17.0,63.0,51.0,74.0,49.0,19.0,1.0,21.0,44.0
2021-10-06,22.0,89.0,13.0,55.0,37.0,23.0,41.0,16.0,69.0,67.0,20.0,31.0,45.0,42.0,18.0,61.0,52.0,76.0,52.0,16.0,1.0,20.0,41.0
2021-10-07,21.0,70.0,10.0,59.0,95.0,25.0,39.0,19.0,70.0,67.0,19.0,27.0,47.0,34.0,24.0,47.0,54.0,76.0,48.0,16.0,1.0,22.0,44.0
2021-10-08,19.0,58.0,23.0,58.0,43.0,25.0,38.0,19.0,70.0,63.0,15.0,21.0,49.0,35.0,20.0,58.0,50.0,67.0,46.0,14.0,1.0,22.0,47.0
2021-10-09,17.0,63.0,14.0,75.0,95.0,26.0,41.0,23.0,58.0,58.0,9.0,12.0,49.0,32.0,23.0,69.0,44.0,60.0,38.0,14.0,1.0,24.0,50.0
2021-10-10,17.0,51.0,17.0,67.0,51.0,25.0,44.0,24.0,61.0,57.0,10.0,17.0,44.0,32.0,20.0,67.0,49.0,57.0,42.0,12.0,1.0,25.0,46.0
2021-10-11,21.0,59.0,13.0,59.0,75.0,36.0,41.0,17.0,68.0,60.0,19.0,27.0,57.0,42.0,18.0,65.0,53.0,72.0,48.0,15.0,1.0,22.0,46.0
2021-10-12,20.0,71.0,10.0,59.0,52.0,39.0,41.0,18.0,67.0,65.0,18.0,22.0,47.0,49.0,18.0,70.0,52.0,73.0,51.0,14.0,1.0,21.0,43.0
2021-10-13,20.0,51.0,16.0,55.0,91.0,29.0,41.0,19.0,66.0,67.0,17.0,30.0,47.0,47.0,17.0,61.0,51.0,75.0,45.0,13.0,1.0,21.0,43.0
2021-10-14,18.0,73.0,16.0,58.0,58.0,28.0,41.0,18.0,70.0,67.0,19.0,38.0,47.0,41.0,20.0,54.0,57.0,78.0,48.0,21.0,1.0,21.0,44.0
2021-10-15,17.0,84.0,22.0,67.0,42.0,25.0,41.0,20.0,64.0,63.0,14.0,17.0,49.0,38.0,20.0,54.0,50.0,66.0,42.0,18.0,1.0,23.0,45.0
2021-10-16,15.0,45.0,14.0,68.0,87.0,23.0,42.0,22.0,65.0,59.0,10.0,17.0,48.0,33.0,26.0,74.0,45.0,58.0,45.0,17.0,1.0,26.0,46.0
2021-10-17,16.0,67.0,11.0,77.0,54.0,25.0,45.0,22.0,69.0,62.0,10.0,19.0,49.0,37.0,19.0,69.0,51.0,61.0,40.0,14.0,1.0,25.0,43.0
2021-10-18,18.0,57.0,11.0,57.0,46.0,25.0,43.0,19.0,67.0,62.0,22.0,32.0,48.0,40.0,16.0,67.0,58.0,71.0,48.0,15.0,1.0,22.0,42.0
2021-10-19,19.0,60.0,18.0,63.0,43.0,42.0,42.0,16.0,72.0,70.0,20.0,36.0,49.0,35.0,19.0,81.0,54.0,77.0,49.0,16.0,1.0,22.0,42.0
2021-10-20,18.0,63.0,17.0,54.0,100.0,34.0,38.0,16.0,72.0,73.0,20.0,33.0,49.0,37.0,20.0,55.0,57.0,76.0,45.0,15.0,1.0,21.0,41.0
2021-10-21,17.0,55.0,11.0,56.0,66.0,26.0,38.0,16.0,69.0,77.0,21.0,24.0,47.0,38.0,23.0,68.0,52.0,73.0,50.0,13.0,1.0,21.0,41.0
2021-10-22,15.0,61.0,14.0,60.0,36.0,25.0,38.0,18.0,67.0,78.0,19.0,26.0,47.0,44.0,21.0,62.0,53.0,68.0,44.0,11.0,1.0,23.0,41.0
2021-10-23,15.0,48.0,8.0,65.0,58.0,23.0,39.0,22.0,63.0,63.0,14.0,13.0,50.0,31.0,25.0,87.0,51.0,57.0,40.0,11.0,1.0,25.0,45.0
2021-10-24,15.0,69.0,20.0,74.0,62.0,25.0,43.0,21.0,69.0,60.0,11.0,20.0,49.0,35.0,26.0,65.0,49.0,56.0,42.0,10.0,1.0,24.0,42.0
2021-10-25,17.0,72.0,15.0,55.0,50.0,24.0,40.0,16.0,69.0,67.0,20.0,23.0,51.0,43.0,23.0,56.0,59.0,73.0,49.0,10.0,2.0,22.0,43.0
2021-10-26,18.0,56.0,13.0,57.0,64.0,23.0,40.0,16.0,67.0,70.0,19.0,28.0,50.0,59.0,24.0,64.0,51.0,76.0,50.0,12.0,1.0,20.0,40.0
2021-10-27,16.0,76.0,14.0,56.0,53.0,24.0,38.0,16.0,69.0,72.0,22.0,30.0,50.0,49.0,26.0,65.0,56.0,77.0,49.0,12.0,1.0,22.0,39.0
2021-10-28,15.0,66.0,11.0,58.0,92.0,25.0,40.0,15.0,69.0,75.0,20.0,36.0,51.0,44.0,29.0,69.0,61.0,72.0,48.0,13.0,1.0,22.0,39.0
2021-10-29,14.0,71.0,26.0,66.0,38.0,23.0,41.0,16.0,65.0,71.0,18.0,28.0,54.0,39.0,27.0,61.0,52.0,61.0,45.0,10.0,1.0,23.0,41.0
2021-10-30,14.0,50.0,20.0,74.0,70.0,20.0,42.0,18.0,69.0,63.0,9.0,13.0,53.0,28.0,32.0,65.0,48.0,56.0,40.0,11.0,1.0,24.0,42.0
2021-10-31,14.0,49.0,24.0,77.0,56.0,27.0,44.0,19.0,66.0,58.0,10.0,13.0,45.0,32.0,25.0,74.0,49.0,55.0,37.0,10.0,1.0,24.0,37.0
2021-11-01,18.0,63.0,22.0,54.0,62.0,21.0,40.0,15.0,69.0,69.0,21.0,33.0,48.0,51.0,21.0,53.0,48.0,74.0,44.0,11.0,1.0,20.0,39.0
2021-11-02,19.0,70.0,15.0,56.0,68.0,23.0,41.0,19.0,73.0,68.0,21.0,29.0,50.0,44.0,25.0,57.0,52.0,81.0,51.0,11.0,1.0,22.0,38.0
2021-11-03,19.0,67.0,11.0,55.0,72.0,22.0,42.0,16.0,71.0,72.0,20.0,31.0,50.0,44.0,26.0,70.0,56.0,75.0,48.0,9.0,1.0,21.0,39.0
2021-11-04,18.0,72.0,19.0,57.0,69.0,26.0,42.0,17.0,75.0,72.0,23.0,35.0,46.0,40.0,26.0,61.0,50.0,77.0,50.0,11.0,1.0,20.0,40.0
2021-11-05,17.0,55.0,10.0,53.0,42.0,23.0,40.0,17.0,67.0,70.0,21.0,32.0,44.0,48.0,23.0,60.0,51.0,71.0,47.0,24.0,1.0,21.0,40.0
2021-11-06,16.0,53.0,22.0,59.0,86.0,26.0,43.0,22.0,72.0,64.0,9.0,20.0,45.0,35.0,26.0,77.0,47.0,57.0,39.0,31.0,1.0,24.0,41.0
2021-11-07,15.0,62.0,20.0,79.0,53.0,23.0,45.0,24.0,75.0,64.0,11.0,24.0,43.0,38.0,23.0,70.0,46.0,57.0,37.0,16.0,1.0,24.0,39.0
2021-11-08,19.0,67.0,11.0,55.0,60.0,24.0,42.0,19.0,74.0,67.0,23.0,28.0,45.0,40.0,21.0,57.0,51.0,77.0,51.0,17.0,1.0,21.0,40.0
2021-11-09,20.0,55.0,22.0,55.0,57.0,23.0,41.0,16.0,74.0,71.0,23.0,39.0,45.0,44.0,25.0,77.0,59.0,76.0,50.0,15.0,1.0,20.0,40.0
2021-11-10,18.0,73.0,18.0,56.0,73.0,23.0,39.0,19.0,73.0,75.0,23.0,26.0,45.0,40.0,24.0,69.0,56.0,77.0,53.0,14.0,1.0,21.0,39.0
2021-11-11,16.0,62.0,24.0,55.0,53.0,24.0,42.0,22.0,72.0,71.0,20.0,24.0,45.0,35.0,25.0,51.0,56.0,73.0,41.0,11.0,1.0,22.0,41.0
2021-11-12,17.0,65.0,20.0,57.0,45.0,27.0,45.0,19.0,69.0,67.0,18.0,23.0,46.0,37.0,24.0,62.0,55.0,73.0,46.0,11.0,1.0,21.0,41.0
2021-11-13,16.0,55.0,20.0,66.0,78.0,36.0,51.0,28.0,69.0,63.0,10.0,12.0,45.0,36.0,28.0,76.0,47.0,56.0,40.0,9.0,1.0,24.0,42.0
2021-11-14,17.0,61.0,25.0,76.0,59.0,28.0,49.0,25.0,73.0,64.0,10.0,15.0,41.0,37.0,23.0,89.0,47.0,65.0,41.0,11.0,1.0,24.0,41.0
2021-11-15,18.0,60.0,25.0,57.0,71.0,25.0,47.0,18.0,76.0,71.0,20.0,32.0,49.0,38.0,23.0,78.0,51.0,74.0,46.0,12.0,1.0,22.0,40.0
2021-11-16,19.0,56.0,17.0,64.0,51.0,26.0,42.0,16.0,77.0,69.0,23.0,35.0,45.0,40.0,22.0,66.0,57.0,75.0,51.0,15.0,1.0,20.0,39.0
2021-11-17,19.0,71.0,20.0,55.0,89.0,26.0,41.0,18.0,78.0,75.0,25.0,24.0,44.0,39.0,23.0,64.0,57.0,81.0,48.0,15.0,1.0,21.0,39.0
2021-11-18,19.0,55.0,20.0,54.0,42.0,25.0,42.0,20.0,73.0,71.0,26.0,39.0,45.0,42.0,23.0,60.0,49.0,75.0,48.0,13.0,1.0,22.0,37.0
2021-11-19,17.0,49.0,33.0,58.0,35.0,25.0,45.0,21.0,68.0,67.0,17.0,33.0,44.0,33.0,21.0,60.0,48.0,65.0,46.0,10.0,1.0,22.0,38.0
2021-11-20,17.0,48.0,16.0,59.0,74.0,24.0,46.0,28.0,75.0,63.0,9.0,7.0,44.0,31.0,29.0,75.0,45.0,53.0,41.0,8.0,1.0,24.0,38.0
2021-11-21,17.0,54.0,25.0,88.0,27.0,24.0,46.0,28.0,75.0,59.0,11.0,10.0,45.0,32.0,27.0,92.0,48.0,54.0,41.0,10.0,1.0,24.0,38.0
2021-11-22,20.0,51.0,13.0,55.0,32.0,23.0,44.0,25.0,68.0,70.0,15.0,16.0,45.0,36.0,20.0,59.0,46.0,71.0,40.0,9.0,1.0,21.0,38.0
2021-11-23,20.0,50.0,14.0,61.0,77.0,25.0,43.0,28.0,71.0,71.0,15.0,19.0,44.0,37.0,24.0,68.0,47.0,66.0,41.0,10.0,1.0,23.0,38.0
2021-11-24,20.0,57.0,26.0,55.0,47.0,22.0,40.0,36.0,67.0,70.0,10.0,11.0,46.0,27.0,25.0,56.0,47.0,66.0,42.0,11.0,1.0,22.0,37.0
2021-11-25,16.0,42.0,17.0,64.0,37.0,22.0,43.0,75.0,69.0,67.0,8.0,9.0,39.0,30.0,26.0,61.0,43.0,46.0,33.0,10.0,1.0,20.0,31.0
2021-11-26,17.0,43.0,6.0,81.0,29.0,21.0,41.0,25.0,70.0,74.0,15.0,7.0,42.0,29.0,23.0,73.0,40.0,51.0,34.0,10.0,1.0,20.0,37.0
2021-11-27,19.0,55.0,8.0,92.0,81.0,22.0,45.0,22.0,80.0,72.0,12.0,9.0,41.0,28.0,27.0,74.0,41.0,53.0,35.0,12.0,1.0,22.0,37.0
2021-11-28,23.0,60.0,18.0,82.0,35.0,25.0,45.0,22.0,78.0,67.0,13.0,11.0,40.0,30.0,22.0,67.0,45.0,75.0,38.0,11.0,1.0,22.0,36.0
2021-11-29,27.0,68.0,9.0,73.0,31.0,24.0,45.0,15.0,75.0,78.0,23.0,23.0,43.0,44.0,18.0,66.0,48.0,73.0,42.0,11.0,1.0,20.0,39.0
2021-11-30,27.0,50.0,19.0,67.0,62.0,23.0,42.0,17.0,74.0,77.0,23.0,30.0,43.0,38.0,19.0,65.0,55.0,71.0,48.0,13.0,1.0,20.0,37.0
2021-12-01,24.0,68.0,15.0,63.0,43.0,22.0,40.0,17.0,75.0,74.0,24.0,27.0,44.0,39.0,19.0,72.0,58.0,78.0,48.0,13.0,1.0,21.0,36.0
2021-12-02,24.0,66.0,19.0,58.0,25.0,23.0,42.0,16.0,73.0,75.0,21.0,28.0,44.0,40.0,20.0,61.0,51.0,76.0,47.0,16.0,1.0,21.0,35.0
2021-12-03,24.0,59.0,23.0,64.0,25.0,25.0,42.0,16.0,72.0,74.0,25.0,31.0,44.0,39.0,22.0,72.0,52.0,72.0,49.0,13.0,1.0,20.0,37.0
2021-12-04,22.0,54.0,34.0,75.0,53.0,25.0,44.0,18.0,72.0,66.0,12.0,12.0,45.0,39.0,24.0,78.0,45.0,63.0,44.0,12.0,1.0,24.0,39.0
2021-12-05,22.0,52.0,15.0,79.0,30.0,27.0,45.0,21.0,72.0,65.0,14.0,14.0,41.0,35.0,21.0,76.0,46.0,54.0,43.0,13.0,1.0,23.0,36.0
2021-12-06,24.0,63.0,15.0,59.0,25.0,29.0,42.0,14.0,74.0,67.0,22.0,28.0,49.0,37.0,18.0,65.0,53.0,74.0,43.0,12.0,1.0,21.0,37.0
2021-12-07,22.0,60.0,10.0,65.0,63.0,25.0,40.0,16.0,71.0,69.0,23.0,36.0,45.0,37.0,17.0,61.0,56.0,69.0,54.0,13.0,1.0,21.0,38.0
2021-12-08,23.0,72.0,17.0,58.0,42.0,25.0,42.0,16.0,72.0,72.0,22.0,26.0,46.0,37.0,17.0,63.0,50.0,69.0,55.0,12.0,1.0,20.0,38.0
2021-12-09,23.0,71.0,13.0,58.0,32.0,24.0,42.0,16.0,66.0,71.0,27.0,34.0,47.0,36.0,17.0,61.0,48.0,74.0,50.0,12.0,1.0,20.0,38.0
2021-12-10,20.0,57.0,22.0,66.0,27.0,24.0,42.0,16.0,63.0,67.0,20.0,30.0,52.0,38.0,17.0,72.0,50.0,64.0,48.0,12.0,1.0,20.0,39.0
2021-12-11,22.0,58.0,24.0,79.0,47.0,25.0,43.0,19.0,69.0,66.0,10.0,11.0,52.0,38.0,21.0,76.0,45.0,56.0,45.0,11.0,1.0,24.0,41.0
2021-12-12,19.0,61.0,15.0,76.0,36.0,24.0,47.0,22.0,71.0,64.0,9.0,11.0,46.0,31.0,21.0,64.0,46.0,53.0,42.0,10.0,1.0,24.0,36.0
2021-12-13,25.0,52.0,11.0,62.0,28.0,23.0,42.0,17.0,68.0,66.0,20.0,33.0,48.0,37.0,17.0,75.0,51.0,69.0,44.0,12.0,1.0,21.0,39.0
2021-12-14,28.0,57.0,20.0,57.0,29.0,22.0,40.0,15.0,64.0,69.0,20.0,30.0,50.0,36.0,17.0,63.0,48.0,64.0,50.0,16.0,1.0,21.0,39.0
2021-12-15,28.0,69.0,17.0,58.0,53.0,24.0,39.0,15.0,67.0,74.0,20.0,22.0,47.0,36.0,17.0,53.0,51.0,71.0,47.0,14.0,2.0,22.0,38.0
2021-12-16,37.0,68.0,10.0,55.0,30.0,37.0,41.0,16.0,62.0,71.0,19.0,26.0,50.0,33.0,15.0,70.0,51.0,65.0,55.0,15.0,1.0,22.0,40.0
2021-12-17,33.0,61.0,18.0,57.0,30.0,29.0,39.0,17.0,59.0,71.0,14.0,16.0,52.0,32.0,16.0,65.0,46.0,58.0,45.0,15.0,1.0,22.0,40.0
2021-12-18,37.0,44.0,19.0,66.0,27.0,28.0,45.0,23.0,58.0,67.0,9.0,11.0,47.0,31.0,20.0,84.0,45.0,48.0,45.0,15.0,1.0,40.0,41.0
2021-12-19,38.0,69.0,13.0,77.0,20.0,26.0,45.0,22.0,62.0,65.0,4.0,13.0,44.0,24.0,18.0,70.0,44.0,47.0,42.0,14.0,1.0,33.0,38.0
2021-12-20,47.0,56.0,12.0,61.0,26.0,25.0,43.0,20.0,58.0,62.0,11.0,17.0,47.0,33.0,14.0,54.0,45.0,59.0,45.0,14.0,1.0,30.0,41.0
2021-12-21,59.0,70.0,19.0,60.0,32.0,25.0,42.0,21.0,55.0,67.0,11.0,14.0,45.0,35.0,18.0,64.0,45.0,57.0,44.0,17.0,1.0,28.0,40.0
2021-12-22,62.0,95.0,13.0,67.0,29.0,30.0,42.0,21.0,51.0,68.0,12.0,13.0,48.0,27.0,18.0,61.0,43.0,65.0,46.0,20.0,1.0,28.0,39.0
2021-12-23,60.0,57.0,20.0,59.0,21.0,26.0,42.0,25.0,48.0,70.0,11.0,10.0,45.0,27.0,20.0,58.0,45.0,54.0,44.0,19.0,1.0,28.0,40.0
2021-12-24,61.0,53.0,15.0,61.0,24.0,25.0,42.0,33.0,45.0,67.0,6.0,6.0,43.0,23.0,13.0,68.0,43.0,44.0,38.0,19.0,1.0,25.0,39.0
2021-12-25,56.0,58.0,7.0,84.0,25.0,25.0,46.0,40.0,44.0,73.0,6.0,5.0,37.0,24.0,18.0,69.0,45.0,40.0,37.0,17.0,1.0,24.0,36.0
2021-12-26,64.0,72.0,10.0,79.0,16.0,26.0,47.0,25.0,59.0,67.0,6.0,9.0,44.0,28.0,20.0,77.0,45.0,48.0,46.0,18.0,1.0,25.0,45.0
2021-12-27,90.0,81.0,16.0,69.0,22.0,25.0,47.0,17.0,58.0,60.0,8.0,10.0,50.0,27.0,20.0,71.0,46.0,55.0,44.0,19.0,1.0,25.0,48.0
2021-12-28,100.0,76.0,25.0,67.0,25.0,37.0,45.0,19.0,61.0,62.0,9.0,7.0,50.0,35.0,23.0,73.0,45.0,58.0,50.0,21.0,2.0,29.0,48.0
2021-12-29,89.0,78.0,25.0,60.0,25.0,31.0,45.0,16.0,58.0,66.0,10.0,6.0,47.0,34.0,23.0,69.0,49.0,63.0,52.0,23.0,2.0,27.0,48.0
2021-12-30,81.0,70.0,17.0,67.0,23.0,26.0,44.0,19.0,58.0,62.0,10.0,6.0,49.0,26.0,26.0,68.0,49.0,57.0,48.0,22.0,2.0,28.0,46.0
2021-12-31,71.0,64.0,13.0,68.0,20.0,24.0,45.0,20.0,54.0,56.0,8.0,5.0,47.0,29.0,24.0,50.0,45.0,50.0,50.0,19.0,1.0,30.0,42.0
2022-01-01,57.0,64.0,21.0,74.0,22.0,25.0,53.0,21.0,58.0,55.0,7.0,4.0,44.0,28.0,27.0,64.0,41.0,44.0,45.0,17.0,2.0,28.0,43.0
2022-01-02,70.0,64.0,28.0,87.0,21.0,25.0,49.0,20.0,63.0,62.0,7.0,6.0,44.0,37.0,21.0,50.0,40.0,46.0,62.0,17.0,1.0,31.0,41.0
2022-01-03,87.0,73.0,14.0,64.0,28.0,24.0,46.0,17.0,54.0,60.0,9.0,9.0,47.0,32.0,17.0,73.0,43.0,58.0,50.0,20.0,2.0,28.0,43.0
2022-01-04,86.0,72.0,20.0,58.0,23.0,23.0,45.0,16.0,56.0,65.0,14.0,14.0,45.0,36.0,18.0,60.0,47.0,61.0,58.0,22.0,2.0,27.0,43.0
2022-01-05,83.0,78.0,24.0,55.0,27.0,23.0,42.0,16.0,58.0,68.0,20.0,22.0,47.0,40.0,17.0,49.0,47.0,71.0,59.0,22.0,2.0,27.0,43.0
2022-01-06,71.0,62.0,14.0,55.0,34.0,24.0,42.0,17.0,59.0,68.0,16.0,20.0,47.0,40.0,17.0,72.0,49.0,71.0,56.0,22.0,2.0,24.0,41.0
2022-01-07,59.0,62.0,13.0,58.0,26.0,25.0,45.0,16.0,59.0,63.0,14.0,17.0,46.0,37.0,17.0,59.0,47.0,68.0,54.0,21.0,2.0,29.0,44.0
2022-01-08,56.0,57.0,33.0,71.0,27.0,25.0,48.0,20.0,63.0,63.0,10.0,6.0,46.0,37.0,21.0,81.0,45.0,61.0,53.0,22.0,2.0,31.0,44.0
2022-01-09,56.0,58.0,11.0,81.0,19.0,26.0,50.0,20.0,67.0,57.0,9.0,17.0,44.0,38.0,19.0,57.0,46.0,58.0,46.0,20.0,1.0,30.0,43.0
2022-01-10,64.0,65.0,11.0,63.0,28.0,26.0,47.0,16.0,58.0,60.0,13.0,21.0,45.0,36.0,18.0,57.0,49.0,63.0,53.0,18.0,1.0,24.0,41.0
2022-01-11,62.0,77.0,11.0,61.0,25.0,26.0,46.0,15.0,64.0,67.0,20.0,25.0,45.0,45.0,17.0,57.0,61.0,74.0,54.0,21.0,1.0,27.0,42.0
2022-01-12,57.0,76.0,18.0,57.0,25.0,25.0,44.0,16.0,63.0,72.0,18.0,17.0,44.0,38.0,17.0,68.0,53.0,78.0,56.0,23.0,2.0,26.0,42.0
2022-01-13,54.0,61.0,11.0,57.0,33.0,26.0,46.0,16.0,62.0,68.0,17.0,23.0,44.0,40.0,18.0,52.0,54.0,73.0,59.0,24.0,2.0,24.0,41.0
2022-01-14,49.0,64.0,19.0,67.0,29.0,24.0,44.0,14.0,59.0,66.0,17.0,33.0,45.0,38.0,16.0,58.0,51.0,64.0,55.0,21.0,2.0,27.0,41.0
2022-01-15,48.0,58.0,31.0,76.0,25.0,24.0,46.0,22.0,63.0,58.0,9.0,7.0,45.0,37.0,20.0,60.0,45.0,54.0,50.0,19.0,1.0,25.0,44.0
2022-01-16,45.0,54.0,26.0,81.0,24.0,26.0,52.0,22.0,65.0,56.0,9.0,9.0,44.0,34.0,21.0,70.0,46.0,55.0,48.0,17.0,1.0,25.0,41.0
2022-01-17,46.0,75.0,20.0,73.0,27.0,24.0,51.0,19.0,63.0,60.0,11.0,13.0,55.0,38.0,18.0,68.0,46.0,62.0,46.0,17.0,1.0,29.0,43.0
2022-01-18,49.0,56.0,20.0,67.0,29.0,24.0,44.0,15.0,62.0,63.0,17.0,28.0,47.0,37.0,17.0,59.0,51.0,68.0,52.0,21.0,1.0,23.0,41.0
2022-01-19,45.0,63.0,11.0,56.0,27.0,23.0,44.0,14.0,63.0,67.0,21.0,28.0,45.0,41.0,17.0,82.0,52.0,76.0,51.0,22.0,2.0,22.0,41.0
2022-01-20,42.0,57.0,20.0,67.0,23.0,25.0,45.0,16.0,65.0,66.0,20.0,39.0,45.0,35.0,16.0,49.0,51.0,70.0,59.0,18.0,1.0,22.0,40.0
2022-01-21,39.0,66.0,20.0,60.0,24.0,24.0,48.0,16.0,63.0,65.0,19.0,26.0,45.0,41.0,18.0,54.0,54.0,69.0,53.0,17.0,1.0,22.0,42.0
2022-01-22,34.0,59.0,36.0,67.0,20.0,25.0,49.0,19.0,65.0,60.0,11.0,11.0,45.0,28.0,21.0,56.0,49.0,59.0,44.0,18.0,1.0,30.0,46.0
2022-01-23,32.0,46.0,13.0,88.0,19.0,25.0,59.0,21.0,68.0,57.0,10.0,13.0,46.0,41.0,19.0,79.0,48.0,56.0,49.0,17.0,1.0,27.0,42.0
2022-01-24,32.0,64.0,18.0,67.0,23.0,23.0,50.0,16.0,67.0,63.0,20.0,26.0,62.0,44.0,16.0,77.0,51.0,72.0,51.0,15.0,1.0,23.0,42.0
2022-01-25,31.0,73.0,24.0,61.0,27.0,26.0,57.0,15.0,65.0,65.0,24.0,24.0,46.0,48.0,17.0,68.0,56.0,78.0,55.0,16.0,1.0,24.0,43.0
2022-01-26,29.0,64.0,27.0,59.0,30.0,25.0,52.0,17.0,66.0,71.0,23.0,24.0,45.0,41.0,17.0,62.0,57.0,80.0,55.0,15.0,1.0,23.0,43.0
2022-01-27,27.0,54.0,12.0,59.0,28.0,25.0,50.0,16.0,63.0,67.0,22.0,33.0,45.0,41.0,15.0,58.0,53.0,75.0,55.0,17.0,1.0,23.0,43.0
2022-01-28,24.0,56.0,27.0,61.0,22.0,24.0,49.0,19.0,64.0,62.0,19.0,32.0,47.0,39.0,18.0,57.0,50.0,68.0,53.0,14.0,1.0,23.0,41.0
2022-01-29,23.0,60.0,18.0,67.0,25.0,23.0,61.0,18.0,62.0,58.0,11.0,12.0,46.0,34.0,19.0,99.0,49.0,61.0,46.0,12.0,1.0,24.0,44.0
2022-01-30,22.0,55.0,21.0,79.0,18.0,25.0,65.0,22.0,65.0,56.0,11.0,10.0,60.0,40.0,20.0,71.0,53.0,57.0,40.0,12.0,1.0,26.0,42.0
2022-01-31,22.0,71.0,20.0,79.0,28.0,24.0,55.0,15.0,62.0,60.0,18.0,26.0,48.0,44.0,13.0,74.0,50.0,71.0,48.0,16.0,1.0,22.0,41.0
2022-02-01,24.0,53.0,11.0,59.0,27.0,25.0,50.0,16.0,63.0,70.0,21.0,30.0,45.0,39.0,17.0,43.0,55.0,78.0,49.0,20.0,1.0,22.0,41.0
2022-02-02,19.0,50.0,19.0,70.0,32.0,24.0,47.0,17.0,66.0,67.0,23.0,28.0,46.0,43.0,21.0,48.0,64.0,73.0,49.0,16.0,1.0,22.0,40.0
2022-02-03,16.0,56.0,22.0,66.0,27.0,25.0,45.0,16.0,61.0,66.0,18.0,33.0,45.0,57.0,16.0,52.0,61.0,74.0,47.0,14.0,1.0,22.0,41.0
2022-02-04,15.0,44.0,18.0,59.0,22.0,25.0,46.0,16.0,63.0,64.0,21.0,29.0,46.0,55.0,14.0,67.0,56.0,65.0,47.0,13.0,1.0,22.0,44.0
2022-02-05,14.0,53.0,36.0,71.0,31.0,26.0,51.0,21.0,65.0,58.0,10.0,18.0,46.0,77.0,19.0,86.0,51.0,63.0,43.0,11.0,1.0,27.0,47.0
2022-02-06,14.0,59.0,21.0,79.0,28.0,25.0,56.0,22.0,67.0,59.0,13.0,15.0,43.0,60.0,16.0,77.0,54.0,61.0,43.0,11.0,1.0,30.0,47.0
2022-02-07,16.0,58.0,13.0,63.0,26.0,27.0,47.0,16.0,67.0,66.0,20.0,22.0,46.0,66.0,16.0,52.0,55.0,73.0,48.0,9.0,1.0,22.0,46.0
2022-02-08,15.0,43.0,18.0,58.0,27.0,32.0,49.0,14.0,67.0,67.0,23.0,28.0,47.0,61.0,18.0,57.0,59.0,78.0,50.0,9.0,1.0,22.0,43.0
2022-02-09,14.0,53.0,22.0,62.0,28.0,25.0,45.0,15.0,67.0,67.0,22.0,22.0,46.0,59.0,17.0,50.0,63.0,78.0,48.0,11.0,1.0,21.0,43.0
2022-02-10,13.0,50.0,18.0,60.0,28.0,24.0,45.0,19.0,67.0,67.0,22.0,33.0,45.0,59.0,17.0,44.0,60.0,72.0,50.0,14.0,1.0,22.0,42.0
2022-02-11,11.0,61.0,18.0,70.0,28.0,25.0,45.0,17.0,64.0,61.0,20.0,31.0,46.0,51.0,17.0,74.0,52.0,70.0,50.0,9.0,1.0,24.0,43.0
2022-02-12,11.0,47.0,25.0,76.0,26.0,23.0,48.0,18.0,68.0,60.0,9.0,13.0,49.0,49.0,20.0,67.0,49.0,61.0,43.0,8.0,1.0,26.0,47.0
2022-02-13,12.0,42.0,19.0,80.0,29.0,25.0,55.0,19.0,65.0,55.0,10.0,15.0,40.0,62.0,24.0,64.0,53.0,58.0,38.0,7.0,1.0,24.0,41.0
2022-02-14,11.0,48.0,17.0,64.0,29.0,26.0,80.0,16.0,60.0,56.0,19.0,24.0,44.0,50.0,20.0,58.0,57.0,66.0,42.0,6.0,1.0,18.0,39.0
