date,toilet paper,stimulus,vaccines near me,vaccine side effects,how to get my taste back,anti-depressant,mental health,can dogs get covid,doritos locos tacos,best hikes near me,tiktok,jeff bezos net worth,what is ivermectin,what is mrna,bill gates population control,ubereats,instacart jobs,gig economy,stimmy,trump,biden,china
2019-12-01,2.0,0.0,1.0,1.0,0.0,0.0,32.0,0.0,2.0,5.0,4.0,10.0,1.0,4.0,5.0,52.0,4.0,2.0,0.0,6.0,1.0,22.0
2019-12-02,1.0,0.0,3.0,1.0,4.0,0.0,56.0,0.0,0.0,4.0,3.0,10.0,1.0,21.0,0.0,43.0,9.0,9.0,0.0,6.0,1.0,22.0
2019-12-03,1.0,0.0,1.0,1.0,0.0,37.0,64.0,0.0,0.0,0.0,3.0,11.0,0.0,30.0,0.0,51.0,11.0,10.0,0.0,7.0,1.0,23.0
2019-12-04,1.0,0.0,2.0,2.0,4.0,37.0,66.0,0.0,2.0,4.0,3.0,9.0,1.0,23.0,0.0,53.0,11.0,10.0,0.0,10.0,1.0,24.0
2019-12-05,1.0,0.0,3.0,2.0,4.0,38.0,63.0,0.0,3.0,12.0,3.0,10.0,0.0,43.0,5.0,46.0,10.0,7.0,0.0,11.0,2.0,23.0
2019-12-06,1.0,0.0,5.0,2.0,0.0,0.0,53.0,0.0,3.0,4.0,3.0,10.0,1.0,22.0,0.0,43.0,10.0,13.0,0.0,9.0,2.0,25.0
2019-12-07,1.0,0.0,2.0,1.0,0.0,22.0,35.0,0.0,2.0,0.0,3.0,7.0,1.0,8.0,0.0,61.0,4.0,3.0,0.0,7.0,1.0,22.0
2019-12-08,1.0,0.0,4.0,2.0,0.0,22.0,35.0,0.0,3.0,10.0,4.0,7.0,0.0,7.0,0.0,52.0,7.0,9.0,0.0,7.0,1.0,22.0
2019-12-09,1.0,0.0,2.0,2.0,0.0,0.0,57.0,0.0,0.0,4.0,3.0,7.0,0.0,23.0,0.0,49.0,10.0,9.0,0.0,8.0,1.0,23.0
2019-12-10,1.0,0.0,2.0,2.0,0.0,0.0,57.0,0.0,3.0,5.0,3.0,8.0,1.0,29.0,5.0,40.0,16.0,14.0,0.0,10.0,1.0,23.0
2019-12-11,1.0,0.0,4.0,2.0,0.0,18.0,62.0,0.0,2.0,0.0,3.0,8.0,2.0,25.0,0.0,43.0,11.0,13.0,0.0,10.0,1.0,23.0
2019-12-12,1.0,0.0,3.0,2.0,4.0,19.0,57.0,0.0,2.0,4.0,3.0,7.0,1.0,24.0,0.0,59.0,13.0,9.0,0.0,11.0,1.0,26.0
2019-12-13,1.0,0.0,2.0,1.0,4.0,19.0,49.0,0.0,3.0,9.0,3.0,9.0,0.0,20.0,0.0,44.0,12.0,11.0,0.0,13.0,1.0,28.0
2019-12-14,1.0,0.0,5.0,1.0,0.0,0.0,31.0,0.0,2.0,0.0,4.0,8.0,0.0,6.0,0.0,58.0,7.0,4.0,0.0,10.0,1.0,23.0
2019-12-15,1.0,0.0,4.0,1.0,0.0,22.0,28.0,0.0,1.0,20.0,4.0,9.0,0.0,9.0,0.0,56.0,11.0,6.0,0.0,8.0,1.0,23.0
2019-12-16,1.0,0.0,3.0,1.0,4.0,19.0,53.0,0.0,1.0,0.0,3.0,13.0,1.0,20.0,0.0,46.0,14.0,7.0,0.0,8.0,0.0,23.0
2019-12-17,1.0,0.0,1.0,1.0,0.0,58.0,53.0,0.0,1.0,4.0,3.0,12.0,2.0,21.0,0.0,44.0,6.0,24.0,0.0,9.0,0.0,22.0
2019-12-18,1.0,0.0,2.0,2.0,0.0,19.0,53.0,0.0,0.0,4.0,3.0,9.0,0.0,22.0,0.0,51.0,9.0,24.0,0.0,29.0,1.0,23.0
2019-12-19,1.0,0.0,4.0,2.0,4.0,0.0,41.0,0.0,1.0,5.0,3.0,13.0,1.0,16.0,0.0,55.0,5.0,13.0,0.0,100.0,1.0,22.0
2019-12-20,1.0,0.0,1.0,2.0,0.0,20.0,42.0,0.0,3.0,0.0,3.0,15.0,0.0,9.0,0.0,66.0,11.0,8.0,0.0,23.0,2.0,22.0
2019-12-21,1.0,0.0,3.0,2.0,0.0,0.0,27.0,0.0,5.0,5.0,4.0,12.0,1.0,1.0,0.0,61.0,5.0,16.0,0.0,15.0,1.0,22.0
2019-12-22,1.0,0.0,3.0,1.0,5.0,0.0,22.0,0.0,1.0,0.0,5.0,11.0,1.0,0.0,0.0,50.0,10.0,6.0,0.0,11.0,1.0,23.0
2019-12-23,1.0,0.0,3.0,1.0,0.0,0.0,36.0,0.0,0.0,0.0,4.0,9.0,3.0,3.0,0.0,50.0,7.0,6.0,0.0,9.0,0.0,22.0
2019-12-24,1.0,0.0,3.0,1.0,0.0,0.0,25.0,0.0,2.0,25.0,5.0,9.0,0.0,1.0,0.0,38.0,10.0,7.0,0.0,8.0,0.0,25.0
2019-12-25,1.0,0.0,2.0,1.0,6.0,0.0,20.0,0.0,0.0,23.0,4.0,15.0,0.0,0.0,0.0,36.0,5.0,1.0,0.0,8.0,0.0,33.0
2019-12-26,1.0,0.0,4.0,1.0,5.0,0.0,35.0,0.0,3.0,15.0,4.0,12.0,0.0,2.0,11.0,51.0,11.0,18.0,0.0,7.0,0.0,23.0
2019-12-27,1.0,0.0,2.0,2.0,5.0,21.0,34.0,0.0,3.0,10.0,4.0,12.0,0.0,1.0,0.0,54.0,12.0,20.0,0.0,7.0,0.0,22.0
2019-12-28,1.0,0.0,5.0,1.0,0.0,0.0,24.0,0.0,2.0,15.0,5.0,13.0,1.0,1.0,11.0,55.0,12.0,8.0,0.0,7.0,1.0,23.0
2019-12-29,1.0,0.0,3.0,1.0,5.0,22.0,27.0,0.0,3.0,19.0,4.0,11.0,1.0,1.0,5.0,49.0,11.0,7.0,0.0,7.0,0.0,22.0
2019-12-30,1.0,0.0,3.0,1.0,0.0,0.0,45.0,0.0,5.0,18.0,5.0,9.0,0.0,2.0,0.0,49.0,16.0,16.0,0.0,7.0,1.0,22.0
2019-12-31,1.0,0.0,2.0,1.0,0.0,0.0,36.0,0.0,4.0,19.0,5.0,7.0,0.0,1.0,0.0,48.0,23.0,18.0,0.0,6.0,1.0,24.0
2020-01-01,1.0,0.0,2.0,1.0,5.0,44.0,22.0,0.0,7.0,34.0,5.0,9.0,0.0,3.0,0.0,53.0,19.0,19.0,0.0,7.0,0.0,25.0
2020-01-02,1.0,0.0,3.0,1.0,4.0,19.0,46.0,0.0,1.0,21.0,6.0,11.0,2.0,7.0,0.0,52.0,14.0,28.0,0.0,6.0,1.0,22.0
2020-01-03,1.0,0.0,2.0,1.0,0.0,0.0,47.0,0.0,1.0,33.0,6.0,7.0,1.0,2.0,5.0,52.0,21.0,4.0,0.0,16.0,0.0,24.0
2020-01-04,1.0,0.0,2.0,1.0,14.0,0.0,29.0,0.0,3.0,23.0,6.0,9.0,0.0,0.0,5.0,51.0,19.0,13.0,0.0,15.0,0.0,26.0
2020-01-05,2.0,0.0,0.0,1.0,0.0,0.0,31.0,0.0,6.0,28.0,6.0,9.0,1.0,1.0,0.0,52.0,18.0,11.0,0.0,14.0,0.0,25.0
2020-01-06,1.0,0.0,3.0,1.0,0.0,0.0,52.0,0.0,2.0,8.0,5.0,9.0,0.0,10.0,0.0,50.0,20.0,10.0,0.0,14.0,0.0,22.0
2020-01-07,1.0,0.0,3.0,2.0,4.0,0.0,57.0,0.0,3.0,4.0,5.0,11.0,1.0,16.0,0.0,46.0,15.0,15.0,0.0,12.0,0.0,23.0
2020-01-08,1.0,0.0,4.0,2.0,0.0,0.0,55.0,0.0,2.0,4.0,4.0,10.0,0.0,14.0,4.0,54.0,23.0,16.0,0.0,26.0,1.0,24.0
2020-01-09,1.0,0.0,1.0,2.0,4.0,0.0,57.0,0.0,2.0,4.0,4.0,8.0,2.0,15.0,0.0,36.0,19.0,12.0,0.0,11.0,0.0,23.0
2020-01-10,1.0,0.0,2.0,2.0,4.0,18.0,49.0,0.0,2.0,24.0,5.0,7.0,0.0,18.0,0.0,54.0,14.0,16.0,0.0,9.0,0.0,23.0
2020-01-11,1.0,0.0,4.0,1.0,0.0,0.0,32.0,0.0,1.0,19.0,5.0,8.0,1.0,4.0,0.0,53.0,17.0,10.0,0.0,7.0,0.0,23.0
2020-01-12,1.0,0.0,2.0,1.0,0.0,0.0,31.0,0.0,1.0,5.0,6.0,7.0,1.0,3.0,0.0,47.0,12.0,11.0,0.0,7.0,0.0,22.0
2020-01-13,1.0,0.0,2.0,1.0,0.0,17.0,62.0,0.0,3.0,11.0,5.0,12.0,0.0,18.0,4.0,41.0,11.0,13.0,0.0,7.0,0.0,22.0
2020-01-14,1.0,0.0,3.0,1.0,0.0,15.0,59.0,0.0,4.0,17.0,4.0,13.0,0.0,28.0,0.0,37.0,16.0,13.0,0.0,10.0,0.0,23.0
2020-01-15,1.0,0.0,3.0,2.0,0.0,0.0,62.0,0.0,3.0,8.0,5.0,10.0,1.0,28.0,0.0,47.0,14.0,8.0,0.0,9.0,1.0,28.0
2020-01-16,1.0,0.0,3.0,2.0,0.0,18.0,61.0,0.0,2.0,0.0,4.0,8.0,0.0,31.0,0.0,41.0,14.0,15.0,0.0,10.0,1.0,28.0
2020-01-17,1.0,0.0,2.0,1.0,4.0,18.0,49.0,0.0,2.0,4.0,5.0,12.0,0.0,28.0,0.0,51.0,16.0,9.0,0.0,9.0,0.0,26.0
2020-01-18,1.0,0.0,5.0,1.0,0.0,0.0,29.0,0.0,2.0,33.0,6.0,8.0,1.0,3.0,0.0,67.0,12.0,4.0,0.0,8.0,1.0,27.0
2020-01-19,1.0,0.0,2.0,1.0,5.0,0.0,33.0,0.0,6.0,36.0,6.0,12.0,1.0,4.0,5.0,46.0,18.0,5.0,0.0,7.0,1.0,25.0
2020-01-20,1.0,0.0,3.0,1.0,0.0,0.0,47.0,0.0,5.0,21.0,7.0,11.0,0.0,5.0,0.0,53.0,12.0,5.0,0.0,7.0,1.0,28.0
2020-01-21,1.0,0.0,3.0,1.0,4.0,0.0,59.0,0.0,2.0,0.0,5.0,13.0,1.0,22.0,0.0,37.0,18.0,11.0,0.0,9.0,1.0,46.0
2020-01-22,1.0,0.0,6.0,2.0,0.0,0.0,62.0,0.0,2.0,12.0,5.0,13.0,0.0,27.0,0.0,42.0,14.0,15.0,0.0,9.0,1.0,51.0
2020-01-23,1.0,0.0,3.0,1.0,8.0,18.0,62.0,0.0,1.0,0.0,5.0,12.0,0.0,33.0,9.0,45.0,20.0,13.0,0.0,10.0,1.0,62.0
2020-01-24,1.0,0.0,2.0,2.0,0.0,18.0,53.0,0.0,1.0,12.0,5.0,10.0,0.0,32.0,4.0,35.0,14.0,14.0,0.0,10.0,1.0,75.0
2020-01-25,1.0,0.0,2.0,2.0,10.0,0.0,35.0,0.0,1.0,23.0,6.0,12.0,1.0,6.0,10.0,57.0,23.0,4.0,0.0,10.0,1.0,76.0
2020-01-26,1.0,0.0,1.0,1.0,4.0,0.0,34.0,0.0,1.0,17.0,6.0,11.0,0.0,10.0,9.0,52.0,21.0,12.0,0.0,9.0,1.0,67.0
2020-01-27,1.0,0.0,1.0,1.0,8.0,0.0,65.0,0.0,3.0,4.0,5.0,7.0,0.0,27.0,8.0,37.0,19.0,6.0,0.0,10.0,1.0,65.0
2020-01-28,1.0,0.0,3.0,2.0,0.0,18.0,63.0,0.0,2.0,16.0,5.0,10.0,0.0,27.0,4.0,42.0,17.0,10.0,0.0,11.0,1.0,65.0
2020-01-29,1.0,0.0,3.0,2.0,4.0,36.0,66.0,0.0,2.0,12.0,5.0,9.0,0.0,26.0,4.0,42.0,19.0,9.0,0.0,10.0,1.0,65.0
2020-01-30,1.0,0.0,4.0,1.0,0.0,0.0,65.0,0.0,2.0,4.0,5.0,13.0,2.0,28.0,0.0,40.0,16.0,6.0,0.0,9.0,1.0,63.0
2020-01-31,1.0,0.0,4.0,2.0,9.0,0.0,55.0,0.0,1.0,0.0,5.0,23.0,0.0,25.0,4.0,46.0,13.0,10.0,0.0,12.0,1.0,66.0
2020-02-01,1.0,0.0,4.0,2.0,0.0,0.0,34.0,0.0,0.0,23.0,6.0,14.0,1.0,3.0,15.0,68.0,9.0,6.0,0.0,12.0,1.0,57.0
2020-02-02,1.0,0.0,3.0,1.0,5.0,0.0,32.0,0.0,0.0,41.0,5.0,13.0,1.0,9.0,0.0,55.0,16.0,10.0,0.0,10.0,1.0,53.0
2020-02-03,1.0,0.0,2.0,1.0,4.0,33.0,59.0,0.0,3.0,11.0,5.0,18.0,0.0,25.0,0.0,42.0,10.0,9.0,0.0,16.0,1.0,49.0
2020-02-04,1.0,0.0,2.0,1.0,0.0,35.0,66.0,0.0,2.0,8.0,5.0,15.0,3.0,22.0,0.0,41.0,14.0,13.0,0.0,12.0,2.0,49.0
2020-02-05,1.0,0.0,3.0,1.0,4.0,36.0,63.0,0.0,1.0,8.0,5.0,13.0,1.0,33.0,9.0,55.0,17.0,14.0,0.0,31.0,1.0,44.0
2020-02-06,1.0,0.0,3.0,2.0,8.0,0.0,63.0,0.0,2.0,0.0,5.0,13.0,0.0,35.0,13.0,53.0,16.0,8.0,0.0,20.0,1.0,46.0
2020-02-07,1.0,0.0,2.0,1.0,4.0,18.0,55.0,0.0,1.0,0.0,5.0,12.0,1.0,25.0,9.0,57.0,14.0,21.0,0.0,12.0,1.0,47.0
2020-02-08,1.0,0.0,0.0,1.0,5.0,0.0,33.0,0.0,0.0,23.0,5.0,11.0,0.0,7.0,0.0,52.0,7.0,7.0,0.0,11.0,2.0,46.0
2020-02-09,1.0,0.0,2.0,1.0,5.0,0.0,36.0,0.0,1.0,23.0,6.0,13.0,3.0,14.0,10.0,59.0,13.0,6.0,0.0,10.0,1.0,44.0
2020-02-10,1.0,0.0,3.0,1.0,0.0,17.0,67.0,0.0,4.0,8.0,6.0,25.0,0.0,39.0,4.0,49.0,15.0,8.0,0.0,9.0,2.0,43.0
2020-02-11,1.0,0.0,2.0,2.0,4.0,17.0,70.0,0.0,3.0,4.0,6.0,17.0,1.0,33.0,8.0,46.0,15.0,11.0,0.0,10.0,2.0,47.0
2020-02-12,1.0,0.0,2.0,1.0,0.0,0.0,63.0,0.0,3.0,8.0,6.0,16.0,0.0,43.0,0.0,41.0,13.0,10.0,0.0,10.0,2.0,42.0
2020-02-13,1.0,0.0,4.0,1.0,0.0,52.0,60.0,0.0,2.0,12.0,6.0,31.0,0.0,39.0,0.0,43.0,9.0,11.0,0.0,9.0,1.0,44.0
2020-02-14,1.0,0.0,3.0,1.0,0.0,37.0,52.0,0.0,1.0,0.0,5.0,25.0,1.0,19.0,0.0,55.0,11.0,10.0,0.0,9.0,1.0,41.0
2020-02-15,1.0,0.0,2.0,1.0,10.0,21.0,33.0,0.0,3.0,18.0,6.0,19.0,1.0,8.0,0.0,70.0,7.0,7.0,0.0,8.0,1.0,34.0
2020-02-16,1.0,0.0,2.0,1.0,0.0,21.0,35.0,0.0,4.0,37.0,7.0,15.0,1.0,9.0,5.0,52.0,14.0,6.0,0.0,11.0,1.0,34.0
2020-02-17,1.0,0.0,6.0,1.0,4.0,0.0,52.0,0.0,2.0,49.0,6.0,34.0,0.0,17.0,5.0,52.0,14.0,10.0,0.0,9.0,1.0,35.0
2020-02-18,1.0,0.0,2.0,2.0,0.0,0.0,68.0,0.0,1.0,27.0,5.0,50.0,2.0,25.0,8.0,39.0,11.0,14.0,0.0,9.0,0.0,37.0
2020-02-19,1.0,0.0,4.0,2.0,4.0,17.0,69.0,0.0,1.0,8.0,6.0,30.0,2.0,29.0,0.0,38.0,7.0,10.0,0.0,10.0,1.0,35.0
2020-02-20,1.0,0.0,2.0,2.0,4.0,17.0,66.0,0.0,2.0,8.0,6.0,44.0,2.0,25.0,4.0,44.0,14.0,10.0,0.0,11.0,2.0,32.0
2020-02-21,1.0,0.0,2.0,1.0,0.0,17.0,59.0,0.0,5.0,4.0,6.0,52.0,0.0,27.0,4.0,44.0,11.0,12.0,0.0,10.0,1.0,32.0
2020-02-22,1.0,0.0,2.0,2.0,14.0,21.0,35.0,0.0,1.0,23.0,7.0,45.0,0.0,14.0,5.0,57.0,6.0,12.0,0.0,8.0,1.0,29.0
2020-02-23,2.0,0.0,0.0,2.0,0.0,20.0,37.0,0.0,3.0,31.0,7.0,26.0,1.0,12.0,0.0,50.0,9.0,8.0,0.0,8.0,1.0,28.0
2020-02-24,1.0,0.0,2.0,1.0,0.0,0.0,67.0,0.0,1.0,23.0,6.0,23.0,0.0,35.0,4.0,38.0,12.0,8.0,0.0,8.0,1.0,38.0
2020-02-25,1.0,0.0,4.0,2.0,4.0,0.0,66.0,0.0,2.0,8.0,6.0,16.0,2.0,33.0,4.0,44.0,6.0,12.0,0.0,9.0,1.0,40.0
2020-02-26,1.0,0.0,2.0,1.0,4.0,0.0,63.0,2.0,1.0,11.0,6.0,17.0,1.0,36.0,12.0,54.0,5.0,8.0,0.0,9.0,2.0,44.0
2020-02-27,1.0,0.0,2.0,2.0,0.0,17.0,66.0,0.0,2.0,4.0,6.0,16.0,1.0,29.0,12.0,46.0,11.0,6.0,0.0,9.0,2.0,46.0
2020-02-28,1.0,0.0,3.0,2.0,8.0,0.0,56.0,0.0,2.0,12.0,6.0,18.0,1.0,22.0,13.0,60.0,10.0,9.0,0.0,9.0,1.0,51.0
2020-02-29,2.0,0.0,4.0,2.0,0.0,20.0,36.0,2.0,2.0,31.0,7.0,22.0,2.0,8.0,10.0,57.0,12.0,7.0,0.0,10.0,1.0,48.0
2020-03-01,2.0,0.0,2.0,1.0,10.0,0.0,38.0,1.0,4.0,31.0,7.0,20.0,0.0,10.0,0.0,51.0,9.0,5.0,0.0,8.0,6.0,45.0
2020-03-02,2.0,0.0,6.0,2.0,8.0,17.0,64.0,0.0,2.0,11.0,6.0,18.0,0.0,36.0,12.0,45.0,11.0,10.0,0.0,8.0,4.0,47.0
2020-03-03,2.0,0.0,3.0,2.0,0.0,33.0,63.0,1.0,3.0,15.0,6.0,18.0,0.0,34.0,16.0,43.0,16.0,11.0,0.0,9.0,8.0,44.0
2020-03-04,3.0,0.0,2.0,2.0,0.0,16.0,63.0,2.0,3.0,29.0,5.0,15.0,1.0,34.0,12.0,52.0,10.0,9.0,0.0,12.0,22.0,41.0
2020-03-05,4.0,0.0,3.0,2.0,0.0,17.0,62.0,2.0,2.0,11.0,6.0,15.0,0.0,30.0,4.0,50.0,10.0,10.0,0.0,10.0,10.0,44.0
2020-03-06,4.0,0.0,3.0,2.0,0.0,34.0,56.0,2.0,1.0,15.0,6.0,16.0,2.0,31.0,4.0,48.0,6.0,13.0,0.0,9.0,6.0,43.0
2020-03-07,6.0,0.0,6.0,2.0,10.0,0.0,31.0,1.0,2.0,27.0,7.0,12.0,0.0,7.0,15.0,64.0,13.0,15.0,0.0,9.0,4.0,46.0
2020-03-08,8.0,0.0,3.0,2.0,0.0,0.0,34.0,1.0,3.0,41.0,7.0,10.0,2.0,10.0,10.0,53.0,9.0,27.0,0.0,8.0,5.0,44.0
2020-03-09,10.0,0.0,3.0,1.0,4.0,0.0,62.0,3.0,3.0,11.0,6.0,12.0,0.0,29.0,12.0,47.0,12.0,27.0,0.0,10.0,4.0,46.0
2020-03-10,16.0,0.0,2.0,2.0,8.0,0.0,60.0,6.0,3.0,7.0,6.0,15.0,0.0,34.0,8.0,51.0,16.0,30.0,0.0,11.0,6.0,50.0
2020-03-11,28.0,0.0,2.0,2.0,8.0,17.0,55.0,6.0,2.0,11.0,6.0,9.0,1.0,31.0,20.0,44.0,9.0,34.0,0.0,12.0,12.0,57.0
2020-03-12,56.0,0.0,2.0,1.0,0.0,0.0,49.0,27.0,2.0,11.0,5.0,11.0,1.0,27.0,28.0,45.0,7.0,32.0,0.0,26.0,4.0,84.0
2020-03-13,91.0,0.0,4.0,2.0,0.0,33.0,42.0,23.0,0.0,15.0,6.0,11.0,0.0,22.0,16.0,45.0,6.0,31.0,0.0,36.0,2.0,86.0
2020-03-14,100.0,0.0,3.0,3.0,0.0,0.0,27.0,23.0,0.0,59.0,7.0,17.0,0.0,5.0,35.0,42.0,10.0,18.0,0.0,24.0,2.0,83.0
2020-03-15,74.0,0.0,1.0,2.0,0.0,0.0,33.0,20.0,2.0,43.0,7.0,12.0,1.0,10.0,43.0,42.0,14.0,25.0,0.0,17.0,3.0,78.0
2020-03-16,56.0,1.0,1.0,1.0,4.0,17.0,51.0,22.0,1.0,15.0,7.0,10.0,1.0,16.0,41.0,66.0,17.0,23.0,0.0,23.0,7.0,89.0
2020-03-17,50.0,5.0,2.0,2.0,8.0,0.0,47.0,28.0,2.0,15.0,7.0,12.0,1.0,13.0,41.0,90.0,12.0,26.0,0.0,19.0,2.0,89.0
2020-03-18,45.0,11.0,2.0,1.0,16.0,0.0,48.0,35.0,3.0,26.0,8.0,12.0,0.0,18.0,29.0,93.0,22.0,18.0,0.0,23.0,3.0,99.0
2020-03-19,42.0,12.0,3.0,2.0,8.0,0.0,43.0,33.0,0.0,30.0,8.0,10.0,0.0,22.0,33.0,82.0,23.0,31.0,0.0,21.0,2.0,100.0
2020-03-20,42.0,12.0,2.0,2.0,8.0,0.0,44.0,42.0,1.0,22.0,8.0,10.0,2.0,20.0,32.0,91.0,16.0,19.0,0.0,20.0,1.0,89.0
2020-03-21,42.0,10.0,4.0,2.0,4.0,0.0,31.0,36.0,2.0,96.0,10.0,13.0,0.0,6.0,32.0,89.0,14.0,14.0,0.0,18.0,2.0,92.0
2020-03-22,42.0,11.0,3.0,1.0,4.0,0.0,32.0,28.0,2.0,42.0,10.0,11.0,1.0,6.0,23.0,91.0,19.0,12.0,0.0,18.0,2.0,89.0
2020-03-23,30.0,15.0,3.0,1.0,22.0,15.0,46.0,30.0,2.0,7.0,9.0,9.0,3.0,23.0,11.0,86.0,32.0,13.0,0.0,16.0,2.0,73.0
2020-03-24,24.0,19.0,4.0,1.0,20.0,0.0,49.0,22.0,2.0,26.0,9.0,13.0,2.0,22.0,16.0,86.0,100.0,23.0,0.0,18.0,2.0,76.0
2020-03-25,19.0,43.0,1.0,1.0,8.0,17.0,48.0,16.0,0.0,15.0,10.0,14.0,0.0,30.0,49.0,86.0,61.0,67.0,0.0,16.0,2.0,70.0
2020-03-26,17.0,33.0,2.0,1.0,24.0,0.0,49.0,13.0,0.0,26.0,10.0,13.0,0.0,40.0,25.0,81.0,42.0,100.0,1.0,14.0,2.0,83.0
2020-03-27,16.0,26.0,2.0,1.0,11.0,0.0,45.0,19.0,1.0,14.0,10.0,15.0,2.0,32.0,39.0,88.0,34.0,45.0,1.0,15.0,3.0,87.0
2020-03-28,18.0,25.0,1.0,1.0,17.0,0.0,29.0,15.0,1.0,37.0,10.0,12.0,2.0,9.0,40.0,79.0,37.0,44.0,1.0,16.0,3.0,72.0
2020-03-29,18.0,18.0,3.0,1.0,9.0,0.0,35.0,15.0,6.0,33.0,11.0,17.0,0.0,18.0,32.0,74.0,30.0,30.0,0.0,17.0,2.0,73.0
2020-03-30,15.0,16.0,2.0,1.0,19.0,31.0,48.0,9.0,27.0,7.0,9.0,12.0,1.0,38.0,31.0,69.0,42.0,27.0,0.0,15.0,1.0,69.0
2020-03-31,16.0,16.0,2.0,1.0,22.0,0.0,50.0,11.0,100.0,11.0,9.0,12.0,0.0,32.0,31.0,73.0,33.0,38.0,1.0,12.0,1.0,71.0
2020-04-01,17.0,16.0,0.0,1.0,26.0,15.0,46.0,13.0,26.0,7.0,10.0,12.0,0.0,33.0,31.0,71.0,33.0,23.0,0.0,12.0,1.0,69.0
2020-04-02,16.0,18.0,1.0,1.0,19.0,0.0,47.0,12.0,5.0,7.0,10.0,9.0,0.0,35.0,31.0,68.0,35.0,32.0,1.0,11.0,1.0,69.0
2020-04-03,15.0,16.0,2.0,1.0,15.0,0.0,45.0,13.0,3.0,11.0,10.0,25.0,1.0,37.0,19.0,84.0,36.0,25.0,0.0,11.0,1.0,62.0
2020-04-04,19.0,13.0,2.0,1.0,26.0,0.0,36.0,9.0,3.0,17.0,12.0,13.0,15.0,12.0,41.0,94.0,35.0,22.0,0.0,12.0,1.0,64.0
2020-04-05,17.0,13.0,1.0,1.0,4.0,0.0,36.0,19.0,3.0,29.0,12.0,11.0,25.0,15.0,63.0,74.0,28.0,30.0,0.0,12.0,1.0,65.0
2020-04-06,13.0,17.0,3.0,1.0,26.0,15.0,52.0,36.0,9.0,21.0,10.0,12.0,10.0,32.0,100.0,71.0,38.0,19.0,0.0,11.0,1.0,56.0
2020-04-07,13.0,18.0,1.0,1.0,8.0,16.0,49.0,15.0,42.0,7.0,10.0,11.0,11.0,31.0,74.0,66.0,40.0,21.0,1.0,12.0,1.0,57.0
2020-04-08,13.0,20.0,2.0,1.0,4.0,32.0,50.0,9.0,15.0,14.0,10.0,17.0,10.0,39.0,39.0,65.0,32.0,16.0,0.0,12.0,6.0,54.0
2020-04-09,12.0,27.0,0.0,1.0,4.0,0.0,48.0,7.0,4.0,14.0,10.0,12.0,7.0,37.0,51.0,82.0,46.0,26.0,0.0,11.0,4.0,52.0
2020-04-10,12.0,31.0,3.0,1.0,12.0,0.0,45.0,8.0,4.0,15.0,11.0,9.0,2.0,25.0,77.0,80.0,42.0,16.0,0.0,10.0,2.0,53.0
2020-04-11,11.0,28.0,1.0,1.0,0.0,18.0,31.0,7.0,3.0,25.0,12.0,13.0,2.0,10.0,58.0,75.0,35.0,12.0,0.0,10.0,2.0,51.0
2020-04-12,9.0,24.0,2.0,1.0,4.0,0.0,29.0,10.0,4.0,12.0,11.0,8.0,1.0,10.0,54.0,70.0,27.0,15.0,0.0,10.0,2.0,50.0
2020-04-13,9.0,46.0,3.0,1.0,0.0,0.0,50.0,12.0,6.0,11.0,10.0,12.0,2.0,26.0,50.0,69.0,39.0,13.0,1.0,13.0,2.0,53.0
2020-04-14,8.0,53.0,2.0,0.0,19.0,31.0,52.0,20.0,56.0,14.0,10.0,15.0,5.0,38.0,46.0,73.0,38.0,15.0,1.0,16.0,3.0,54.0
2020-04-15,8.0,100.0,3.0,1.0,7.0,30.0,49.0,11.0,16.0,17.0,10.0,20.0,5.0,37.0,48.0,77.0,35.0,20.0,3.0,15.0,3.0,54.0
2020-04-16,9.0,72.0,3.0,1.0,4.0,0.0,51.0,19.0,6.0,10.0,11.0,19.0,2.0,40.0,57.0,83.0,31.0,23.0,0.0,15.0,2.0,59.0
2020-04-17,7.0,51.0,3.0,1.0,4.0,0.0,46.0,14.0,3.0,21.0,12.0,14.0,5.0,39.0,41.0,98.0,31.0,21.0,0.0,13.0,2.0,58.0
2020-04-18,8.0,39.0,3.0,1.0,13.0,35.0,33.0,15.0,2.0,16.0,13.0,13.0,0.0,20.0,61.0,94.0,30.0,10.0,0.0,12.0,2.0,52.0
2020-04-19,7.0,28.0,3.0,1.0,4.0,18.0,36.0,16.0,5.0,32.0,13.0,19.0,2.0,22.0,26.0,80.0,22.0,10.0,0.0,12.0,2.0,49.0
2020-04-20,7.0,32.0,3.0,1.0,11.0,0.0,50.0,12.0,4.0,14.0,11.0,11.0,1.0,32.0,19.0,63.0,30.0,17.0,0.0,10.0,2.0,46.0
2020-04-21,6.0,34.0,2.0,1.0,8.0,31.0,50.0,13.0,44.0,10.0,12.0,10.0,1.0,30.0,11.0,70.0,35.0,11.0,0.0,13.0,2.0,46.0
2020-04-22,6.0,34.0,3.0,1.0,0.0,0.0,51.0,19.0,19.0,7.0,12.0,11.0,4.0,40.0,46.0,70.0,37.0,15.0,0.0,11.0,2.0,46.0
2020-04-23,6.0,30.0,3.0,1.0,11.0,15.0,53.0,27.0,5.0,7.0,11.0,13.0,1.0,38.0,15.0,79.0,35.0,24.0,0.0,10.0,2.0,44.0
2020-04-24,5.0,29.0,2.0,1.0,0.0,30.0,46.0,22.0,6.0,14.0,11.0,14.0,2.0,43.0,37.0,77.0,46.0,19.0,0.0,23.0,2.0,41.0
2020-04-25,5.0,25.0,3.0,1.0,8.0,0.0,33.0,14.0,2.0,39.0,11.0,17.0,0.0,19.0,56.0,76.0,43.0,20.0,0.0,17.0,2.0,41.0
2020-04-26,5.0,24.0,4.0,1.0,4.0,35.0,36.0,8.0,5.0,40.0,11.0,15.0,2.0,16.0,31.0,77.0,33.0,29.0,0.0,13.0,2.0,40.0
2020-04-27,5.0,29.0,4.0,1.0,15.0,0.0,59.0,6.0,10.0,21.0,11.0,13.0,0.0,44.0,39.0,68.0,37.0,17.0,0.0,12.0,2.0,38.0
2020-04-28,5.0,28.0,1.0,1.0,0.0,0.0,57.0,18.0,32.0,32.0,11.0,12.0,1.0,34.0,34.0,70.0,30.0,14.0,0.0,10.0,2.0,38.0
2020-04-29,4.0,27.0,2.0,1.0,0.0,15.0,51.0,24.0,14.0,31.0,11.0,13.0,3.0,39.0,52.0,64.0,30.0,18.0,0.0,8.0,2.0,38.0
2020-04-30,4.0,26.0,3.0,1.0,7.0,30.0,57.0,15.0,2.0,14.0,12.0,24.0,3.0,35.0,45.0,76.0,27.0,16.0,0.0,9.0,3.0,41.0
2020-05-01,4.0,24.0,6.0,1.0,0.0,16.0,61.0,13.0,2.0,11.0,11.0,18.0,1.0,39.0,74.0,73.0,18.0,7.0,0.0,8.0,4.0,42.0
2020-05-02,4.0,19.0,3.0,1.0,4.0,18.0,42.0,7.0,6.0,49.0,11.0,24.0,2.0,12.0,67.0,100.0,13.0,11.0,0.0,8.0,3.0,41.0
2020-05-03,4.0,16.0,3.0,1.0,9.0,19.0,41.0,11.0,6.0,38.0,11.0,24.0,2.0,17.0,50.0,68.0,25.0,3.0,0.0,8.0,3.0,42.0
2020-05-04,4.0,21.0,4.0,1.0,7.0,31.0,64.0,7.0,2.0,17.0,10.0,15.0,1.0,36.0,46.0,65.0,24.0,8.0,1.0,8.0,2.0,41.0
2020-05-05,3.0,21.0,4.0,1.0,4.0,14.0,65.0,8.0,17.0,16.0,10.0,15.0,0.0,49.0,35.0,75.0,25.0,13.0,0.0,8.0,2.0,40.0
2020-05-06,4.0,20.0,2.0,1.0,0.0,0.0,59.0,7.0,5.0,24.0,12.0,13.0,1.0,39.0,27.0,63.0,20.0,21.0,0.0,8.0,2.0,38.0
2020-05-07,3.0,19.0,3.0,1.0,0.0,15.0,63.0,8.0,6.0,42.0,10.0,15.0,3.0,32.0,58.0,66.0,30.0,11.0,0.0,8.0,2.0,36.0
2020-05-08,3.0,17.0,2.0,1.0,7.0,15.0,51.0,10.0,2.0,14.0,10.0,14.0,0.0,28.0,53.0,73.0,21.0,16.0,0.0,8.0,2.0,38.0
2020-05-09,4.0,15.0,2.0,1.0,4.0,0.0,37.0,9.0,5.0,48.0,10.0,15.0,1.0,13.0,44.0,80.0,26.0,8.0,0.0,8.0,2.0,34.0
2020-05-10,3.0,12.0,1.0,1.0,4.0,0.0,34.0,7.0,2.0,46.0,10.0,16.0,0.0,13.0,18.0,93.0,18.0,8.0,0.0,9.0,2.0,40.0
2020-05-11,3.0,17.0,4.0,1.0,8.0,16.0,59.0,8.0,7.0,11.0,9.0,11.0,2.0,33.0,39.0,64.0,30.0,9.0,0.0,9.0,1.0,39.0
2020-05-12,3.0,22.0,3.0,1.0,0.0,15.0,55.0,10.0,6.0,25.0,9.0,9.0,2.0,29.0,38.0,73.0,27.0,17.0,0.0,11.0,2.0,39.0
2020-05-13,3.0,25.0,4.0,1.0,8.0,15.0,60.0,9.0,2.0,18.0,10.0,18.0,3.0,25.0,50.0,67.0,18.0,8.0,0.0,9.0,2.0,36.0
2020-05-14,3.0,18.0,1.0,1.0,4.0,16.0,55.0,10.0,4.0,25.0,10.0,93.0,4.0,33.0,35.0,64.0,25.0,11.0,0.0,9.0,2.0,37.0
2020-05-15,3.0,24.0,2.0,1.0,4.0,16.0,50.0,9.0,3.0,43.0,10.0,94.0,2.0,27.0,55.0,60.0,16.0,10.0,0.0,9.0,2.0,38.0
2020-05-16,3.0,31.0,2.0,2.0,4.0,0.0,36.0,8.0,6.0,33.0,10.0,56.0,1.0,10.0,41.0,74.0,18.0,7.0,0.0,9.0,2.0,35.0
2020-05-17,3.0,20.0,3.0,1.0,4.0,18.0,35.0,8.0,3.0,41.0,11.0,50.0,0.0,6.0,54.0,66.0,16.0,6.0,0.0,10.0,2.0,37.0
2020-05-18,3.0,22.0,5.0,1.0,0.0,16.0,57.0,5.0,1.0,18.0,11.0,41.0,1.0,32.0,43.0,70.0,16.0,11.0,1.0,9.0,1.0,36.0
2020-05-19,2.0,23.0,5.0,1.0,8.0,0.0,60.0,10.0,7.0,29.0,12.0,28.0,1.0,26.0,23.0,58.0,19.0,8.0,1.0,11.0,2.0,43.0
2020-05-20,2.0,21.0,3.0,2.0,4.0,16.0,55.0,6.0,2.0,32.0,12.0,27.0,3.0,15.0,20.0,68.0,26.0,9.0,1.0,10.0,2.0,42.0
2020-05-21,2.0,17.0,6.0,1.0,4.0,16.0,50.0,6.0,1.0,44.0,11.0,23.0,1.0,23.0,4.0,51.0,21.0,9.0,1.0,10.0,2.0,41.0
2020-05-22,2.0,14.0,4.0,1.0,0.0,0.0,46.0,9.0,3.0,36.0,10.0,23.0,1.0,17.0,32.0,61.0,21.0,4.0,0.0,10.0,6.0,40.0
2020-05-23,3.0,13.0,2.0,1.0,4.0,0.0,32.0,6.0,2.0,42.0,11.0,26.0,1.0,8.0,28.0,51.0,22.0,8.0,0.0,9.0,6.0,32.0
2020-05-24,2.0,11.0,3.0,1.0,5.0,0.0,35.0,4.0,1.0,66.0,10.0,26.0,0.0,7.0,24.0,73.0,17.0,4.0,0.0,9.0,3.0,35.0
2020-05-25,2.0,12.0,2.0,1.0,4.0,0.0,34.0,7.0,3.0,80.0,10.0,26.0,5.0,10.0,28.0,65.0,16.0,8.0,0.0,10.0,3.0,34.0
2020-05-26,2.0,15.0,5.0,1.0,0.0,17.0,53.0,8.0,2.0,30.0,10.0,21.0,2.0,14.0,36.0,62.0,24.0,6.0,0.0,9.0,3.0,36.0
2020-05-27,2.0,15.0,2.0,1.0,0.0,16.0,53.0,9.0,7.0,25.0,10.0,22.0,0.0,17.0,12.0,50.0,18.0,9.0,0.0,12.0,2.0,35.0
2020-05-28,2.0,14.0,2.0,1.0,4.0,0.0,54.0,5.0,2.0,21.0,10.0,22.0,1.0,15.0,16.0,53.0,25.0,14.0,0.0,13.0,2.0,35.0
2020-05-29,2.0,13.0,2.0,1.0,16.0,0.0,48.0,6.0,2.0,33.0,10.0,19.0,1.0,14.0,32.0,65.0,16.0,9.0,0.0,19.0,2.0,45.0
2020-05-30,2.0,9.0,6.0,1.0,4.0,19.0,34.0,6.0,1.0,71.0,10.0,23.0,1.0,4.0,14.0,53.0,9.0,3.0,0.0,16.0,2.0,34.0
2020-05-31,2.0,8.0,2.0,0.0,0.0,19.0,30.0,4.0,3.0,73.0,10.0,14.0,3.0,9.0,14.0,64.0,23.0,6.0,0.0,20.0,2.0,32.0
2020-06-01,2.0,12.0,3.0,1.0,8.0,17.0,50.0,5.0,3.0,15.0,9.0,13.0,1.0,18.0,20.0,53.0,22.0,12.0,0.0,29.0,2.0,27.0
2020-06-02,2.0,11.0,2.0,1.0,16.0,33.0,52.0,4.0,4.0,22.0,9.0,12.0,1.0,14.0,8.0,65.0,20.0,10.0,0.0,33.0,3.0,25.0
2020-06-03,2.0,11.0,4.0,1.0,4.0,0.0,51.0,6.0,2.0,21.0,9.0,15.0,2.0,16.0,4.0,63.0,19.0,7.0,0.0,26.0,3.0,33.0
2020-06-04,2.0,10.0,4.0,2.0,4.0,0.0,50.0,7.0,6.0,28.0,9.0,13.0,1.0,13.0,8.0,62.0,13.0,8.0,0.0,21.0,2.0,33.0
2020-06-05,2.0,10.0,1.0,1.0,8.0,16.0,47.0,4.0,3.0,50.0,9.0,19.0,2.0,7.0,4.0,58.0,21.0,10.0,0.0,18.0,2.0,28.0
2020-06-06,2.0,8.0,4.0,2.0,9.0,18.0,33.0,3.0,4.0,70.0,9.0,23.0,2.0,5.0,0.0,64.0,20.0,7.0,0.0,18.0,3.0,27.0
2020-06-07,2.0,7.0,2.0,1.0,0.0,0.0,36.0,4.0,5.0,47.0,10.0,17.0,1.0,9.0,5.0,55.0,17.0,7.0,0.0,17.0,2.0,26.0
2020-06-08,1.0,9.0,4.0,1.0,7.0,0.0,53.0,3.0,0.0,38.0,9.0,20.0,1.0,11.0,4.0,49.0,20.0,6.0,0.0,13.0,2.0,24.0
2020-06-09,2.0,9.0,6.0,1.0,0.0,0.0,55.0,5.0,3.0,21.0,9.0,19.0,0.0,11.0,8.0,52.0,7.0,5.0,0.0,13.0,2.0,26.0
2020-06-10,2.0,8.0,4.0,2.0,8.0,0.0,55.0,1.0,3.0,33.0,10.0,17.0,2.0,11.0,4.0,51.0,20.0,7.0,0.0,12.0,2.0,24.0
2020-06-11,2.0,8.0,3.0,1.0,4.0,0.0,55.0,3.0,3.0,55.0,9.0,11.0,2.0,7.0,8.0,58.0,24.0,7.0,0.0,14.0,2.0,24.0
2020-06-12,2.0,7.0,2.0,1.0,12.0,0.0,48.0,2.0,4.0,50.0,9.0,10.0,3.0,10.0,4.0,62.0,15.0,7.0,0.0,14.0,2.0,24.0
2020-06-13,2.0,6.0,6.0,1.0,0.0,0.0,32.0,4.0,2.0,78.0,10.0,15.0,0.0,4.0,19.0,57.0,13.0,5.0,0.0,15.0,2.0,26.0
2020-06-14,2.0,5.0,1.0,1.0,14.0,0.0,34.0,3.0,2.0,26.0,10.0,11.0,2.0,6.0,9.0,56.0,17.0,3.0,0.0,21.0,2.0,25.0
2020-06-15,1.0,7.0,3.0,1.0,8.0,0.0,53.0,3.0,1.0,26.0,9.0,11.0,1.0,7.0,12.0,51.0,22.0,4.0,0.0,18.0,2.0,25.0
2020-06-16,1.0,8.0,3.0,2.0,23.0,0.0,51.0,3.0,2.0,18.0,9.0,10.0,4.0,9.0,12.0,59.0,23.0,4.0,0.0,15.0,2.0,41.0
2020-06-17,1.0,8.0,4.0,2.0,8.0,0.0,53.0,6.0,2.0,30.0,10.0,11.0,0.0,10.0,12.0,63.0,17.0,8.0,0.0,14.0,2.0,48.0
2020-06-18,2.0,7.0,2.0,2.0,16.0,0.0,56.0,13.0,3.0,27.0,10.0,14.0,2.0,5.0,4.0,62.0,20.0,6.0,0.0,17.0,2.0,38.0
2020-06-19,1.0,6.0,3.0,1.0,17.0,0.0,48.0,12.0,4.0,27.0,10.0,12.0,1.0,10.0,0.0,60.0,14.0,5.0,0.0,17.0,2.0,33.0
2020-06-20,2.0,5.0,4.0,1.0,14.0,0.0,31.0,8.0,5.0,53.0,11.0,11.0,0.0,5.0,5.0,70.0,16.0,4.0,0.0,26.0,3.0,34.0
2020-06-21,2.0,4.0,3.0,1.0,10.0,20.0,32.0,4.0,2.0,72.0,12.0,13.0,1.0,6.0,5.0,77.0,12.0,3.0,0.0,38.0,3.0,33.0
2020-06-22,1.0,7.0,5.0,1.0,25.0,0.0,51.0,8.0,2.0,31.0,11.0,15.0,2.0,9.0,17.0,57.0,20.0,14.0,0.0,20.0,2.0,28.0
2020-06-23,1.0,12.0,6.0,1.0,8.0,17.0,54.0,7.0,4.0,27.0,10.0,14.0,1.0,8.0,8.0,48.0,13.0,5.0,0.0,18.0,2.0,30.0
2020-06-24,2.0,11.0,5.0,2.0,20.0,33.0,52.0,6.0,2.0,34.0,10.0,16.0,1.0,3.0,4.0,55.0,24.0,7.0,0.0,15.0,3.0,26.0
2020-06-25,2.0,9.0,4.0,1.0,16.0,0.0,52.0,6.0,3.0,35.0,11.0,12.0,1.0,7.0,0.0,56.0,15.0,5.0,0.0,14.0,3.0,25.0
2020-06-26,1.0,8.0,3.0,2.0,13.0,18.0,47.0,10.0,4.0,24.0,11.0,13.0,1.0,8.0,13.0,69.0,19.0,9.0,0.0,15.0,3.0,28.0
2020-06-27,1.0,6.0,2.0,2.0,19.0,19.0,32.0,6.0,4.0,58.0,12.0,14.0,3.0,9.0,10.0,67.0,21.0,4.0,0.0,16.0,3.0,28.0
2020-06-28,2.0,6.0,3.0,1.0,37.0,0.0,33.0,8.0,2.0,57.0,12.0,14.0,1.0,10.0,9.0,66.0,22.0,9.0,0.0,22.0,3.0,29.0
2020-06-29,2.0,8.0,4.0,1.0,33.0,0.0,53.0,11.0,3.0,47.0,11.0,13.0,5.0,12.0,0.0,67.0,26.0,5.0,0.0,19.0,2.0,27.0
2020-06-30,1.0,8.0,4.0,2.0,21.0,0.0,54.0,14.0,4.0,31.0,12.0,12.0,2.0,5.0,0.0,66.0,21.0,8.0,0.0,16.0,3.0,42.0
2020-07-01,2.0,8.0,5.0,2.0,4.0,17.0,52.0,18.0,2.0,23.0,11.0,13.0,1.0,8.0,8.0,67.0,26.0,6.0,0.0,14.0,3.0,35.0
2020-07-02,2.0,8.0,4.0,2.0,25.0,17.0,49.0,15.0,3.0,47.0,11.0,20.0,1.0,9.0,13.0,58.0,16.0,8.0,0.0,15.0,2.0,30.0
2020-07-03,1.0,6.0,1.0,2.0,27.0,18.0,34.0,14.0,2.0,59.0,12.0,23.0,2.0,7.0,18.0,65.0,22.0,5.0,0.0,14.0,2.0,28.0
2020-07-04,1.0,5.0,2.0,1.0,40.0,21.0,27.0,12.0,1.0,71.0,12.0,21.0,4.0,3.0,15.0,60.0,10.0,2.0,0.0,23.0,2.0,28.0
2020-07-05,2.0,5.0,3.0,1.0,20.0,21.0,33.0,12.0,2.0,86.0,11.0,20.0,4.0,3.0,5.0,68.0,16.0,5.0,0.0,18.0,3.0,30.0
2020-07-06,1.0,7.0,4.0,1.0,16.0,17.0,51.0,9.0,5.0,23.0,11.0,24.0,0.0,7.0,8.0,66.0,10.0,9.0,0.0,15.0,2.0,43.0
2020-07-07,1.0,8.0,3.0,2.0,8.0,17.0,52.0,14.0,2.0,27.0,26.0,34.0,1.0,6.0,0.0,60.0,14.0,8.0,0.0,16.0,2.0,38.0
2020-07-08,2.0,8.0,3.0,2.0,25.0,0.0,52.0,14.0,4.0,24.0,38.0,24.0,0.0,6.0,4.0,61.0,26.0,6.0,0.0,17.0,2.0,35.0
2020-07-09,2.0,7.0,3.0,2.0,21.0,0.0,54.0,17.0,0.0,12.0,55.0,20.0,1.0,7.0,17.0,64.0,14.0,10.0,0.0,17.0,3.0,32.0
2020-07-10,1.0,7.0,6.0,1.0,34.0,0.0,47.0,12.0,2.0,32.0,32.0,20.0,0.0,7.0,18.0,71.0,19.0,6.0,0.0,14.0,3.0,31.0
2020-07-11,2.0,6.0,3.0,2.0,14.0,0.0,36.0,14.0,10.0,58.0,20.0,20.0,2.0,6.0,10.0,58.0,20.0,4.0,0.0,14.0,2.0,29.0
2020-07-12,2.0,5.0,3.0,1.0,5.0,0.0,35.0,13.0,1.0,58.0,16.0,19.0,1.0,6.0,15.0,55.0,16.0,3.0,0.0,14.0,2.0,30.0
2020-07-13,1.0,7.0,4.0,2.0,12.0,17.0,53.0,11.0,4.0,55.0,13.0,21.0,1.0,7.0,0.0,49.0,22.0,5.0,0.0,12.0,2.0,27.0
2020-07-14,1.0,8.0,5.0,2.0,37.0,17.0,52.0,15.0,3.0,39.0,12.0,17.0,1.0,11.0,13.0,55.0,22.0,4.0,0.0,14.0,2.0,30.0
2020-07-15,1.0,8.0,6.0,3.0,4.0,17.0,55.0,11.0,2.0,20.0,11.0,16.0,1.0,9.0,8.0,53.0,17.0,8.0,0.0,15.0,3.0,29.0
2020-07-16,2.0,7.0,3.0,2.0,21.0,17.0,52.0,5.0,0.0,51.0,11.0,14.0,1.0,10.0,17.0,61.0,20.0,5.0,0.0,14.0,2.0,28.0
2020-07-17,2.0,7.0,3.0,1.0,13.0,0.0,45.0,10.0,0.0,20.0,11.0,11.0,0.0,6.0,18.0,62.0,7.0,8.0,0.0,15.0,2.0,29.0
2020-07-18,1.0,6.0,4.0,2.0,15.0,0.0,34.0,11.0,7.0,75.0,12.0,13.0,1.0,9.0,15.0,57.0,15.0,3.0,0.0,15.0,3.0,28.0
2020-07-19,2.0,6.0,4.0,1.0,29.0,0.0,32.0,5.0,4.0,46.0,11.0,14.0,1.0,6.0,15.0,61.0,12.0,7.0,0.0,14.0,3.0,29.0
2020-07-20,1.0,12.0,4.0,2.0,0.0,35.0,58.0,7.0,5.0,36.0,10.0,17.0,1.0,8.0,13.0,57.0,16.0,10.0,0.0,14.0,2.0,26.0
2020-07-21,1.0,13.0,3.0,2.0,17.0,0.0,54.0,14.0,3.0,52.0,10.0,27.0,0.0,9.0,9.0,61.0,14.0,9.0,0.0,14.0,3.0,26.0
2020-07-22,1.0,12.0,5.0,3.0,9.0,0.0,59.0,7.0,1.0,32.0,11.0,38.0,3.0,10.0,9.0,60.0,15.0,6.0,0.0,13.0,3.0,40.0
2020-07-23,1.0,18.0,6.0,2.0,21.0,17.0,55.0,9.0,2.0,39.0,10.0,35.0,1.0,6.0,4.0,66.0,15.0,7.0,0.0,12.0,3.0,33.0
2020-07-24,1.0,19.0,5.0,2.0,9.0,0.0,48.0,7.0,7.0,33.0,10.0,25.0,4.0,4.0,9.0,64.0,21.0,4.0,0.0,13.0,3.0,35.0
2020-07-25,1.0,12.0,3.0,2.0,15.0,20.0,33.0,11.0,3.0,65.0,11.0,24.0,1.0,6.0,0.0,72.0,14.0,5.0,0.0,12.0,2.0,33.0
2020-07-26,2.0,13.0,3.0,1.0,10.0,20.0,33.0,10.0,3.0,28.0,11.0,23.0,1.0,6.0,10.0,55.0,16.0,6.0,0.0,12.0,3.0,34.0
2020-07-27,1.0,24.0,3.0,2.0,13.0,18.0,54.0,10.0,3.0,32.0,10.0,19.0,0.0,8.0,9.0,58.0,14.0,9.0,0.0,12.0,3.0,33.0
2020-07-28,1.0,23.0,7.0,3.0,13.0,0.0,52.0,10.0,3.0,40.0,10.0,19.0,4.0,7.0,0.0,62.0,17.0,4.0,0.0,13.0,3.0,39.0
2020-07-29,1.0,18.0,4.0,2.0,13.0,18.0,54.0,3.0,0.0,20.0,11.0,40.0,1.0,6.0,17.0,53.0,17.0,5.0,0.0,13.0,3.0,41.0
2020-07-30,1.0,16.0,6.0,2.0,25.0,17.0,53.0,15.0,3.0,36.0,10.0,34.0,0.0,7.0,21.0,51.0,17.0,8.0,0.0,16.0,3.0,41.0
2020-07-31,1.0,15.0,4.0,1.0,18.0,18.0,46.0,13.0,2.0,41.0,12.0,27.0,1.0,7.0,22.0,61.0,18.0,9.0,1.0,13.0,3.0,36.0
2020-08-01,1.0,12.0,4.0,1.0,15.0,0.0,31.0,11.0,2.0,36.0,100.0,24.0,0.0,4.0,25.0,63.0,19.0,1.0,0.0,17.0,3.0,38.0
2020-08-02,1.0,11.0,2.0,1.0,24.0,0.0,30.0,12.0,3.0,54.0,44.0,23.0,5.0,5.0,10.0,62.0,25.0,8.0,0.0,13.0,3.0,32.0
2020-08-03,1.0,15.0,3.0,2.0,8.0,0.0,51.0,9.0,3.0,28.0,26.0,17.0,1.0,3.0,22.0,59.0,22.0,4.0,0.0,12.0,3.0,29.0
2020-08-04,1.0,15.0,5.0,2.0,4.0,0.0,52.0,6.0,3.0,27.0,18.0,17.0,2.0,3.0,4.0,56.0,12.0,11.0,0.0,14.0,3.0,29.0
2020-08-05,1.0,17.0,4.0,2.0,17.0,0.0,54.0,10.0,2.0,24.0,14.0,14.0,0.0,7.0,9.0,55.0,21.0,12.0,0.0,14.0,4.0,29.0
2020-08-06,1.0,17.0,6.0,2.0,13.0,18.0,52.0,11.0,2.0,24.0,13.0,20.0,0.0,6.0,13.0,52.0,20.0,10.0,0.0,13.0,6.0,29.0
2020-08-07,2.0,23.0,3.0,2.0,0.0,0.0,46.0,6.0,2.0,41.0,24.0,27.0,3.0,5.0,9.0,56.0,17.0,8.0,0.0,14.0,7.0,32.0
2020-08-08,1.0,22.0,6.0,2.0,20.0,0.0,33.0,10.0,2.0,55.0,18.0,23.0,1.0,1.0,10.0,56.0,12.0,7.0,0.0,18.0,6.0,29.0
2020-08-09,1.0,16.0,3.0,2.0,15.0,20.0,32.0,6.0,3.0,82.0,14.0,22.0,1.0,1.0,15.0,59.0,13.0,14.0,0.0,19.0,6.0,29.0
2020-08-10,1.0,16.0,5.0,2.0,17.0,35.0,50.0,6.0,3.0,51.0,12.0,18.0,2.0,6.0,26.0,52.0,20.0,24.0,0.0,16.0,6.0,25.0
2020-08-11,1.0,15.0,5.0,2.0,4.0,0.0,53.0,9.0,3.0,39.0,11.0,14.0,4.0,2.0,9.0,55.0,18.0,11.0,0.0,15.0,20.0,26.0
2020-08-12,1.0,12.0,3.0,2.0,4.0,17.0,53.0,9.0,0.0,27.0,11.0,13.0,3.0,10.0,17.0,55.0,24.0,12.0,0.0,14.0,16.0,23.0
2020-08-13,1.0,11.0,5.0,3.0,0.0,17.0,53.0,6.0,1.0,31.0,12.0,17.0,3.0,7.0,8.0,49.0,18.0,8.0,0.0,15.0,8.0,23.0
2020-08-14,1.0,9.0,2.0,3.0,9.0,0.0,48.0,6.0,4.0,36.0,11.0,15.0,2.0,4.0,9.0,51.0,19.0,13.0,0.0,16.0,5.0,26.0
2020-08-15,1.0,8.0,6.0,3.0,5.0,0.0,33.0,5.0,2.0,72.0,12.0,17.0,2.0,2.0,5.0,51.0,15.0,7.0,0.0,15.0,4.0,25.0
2020-08-16,1.0,7.0,3.0,1.0,10.0,20.0,35.0,6.0,2.0,36.0,12.0,16.0,0.0,4.0,5.0,55.0,12.0,2.0,0.0,31.0,4.0,25.0
2020-08-17,1.0,9.0,6.0,2.0,17.0,0.0,51.0,5.0,2.0,47.0,10.0,12.0,1.0,5.0,0.0,44.0,15.0,7.0,0.0,16.0,4.0,22.0
2020-08-18,1.0,9.0,4.0,3.0,8.0,17.0,54.0,8.0,2.0,27.0,11.0,15.0,2.0,5.0,4.0,56.0,21.0,7.0,0.0,17.0,8.0,22.0
2020-08-19,1.0,9.0,4.0,2.0,20.0,33.0,52.0,7.0,3.0,23.0,10.0,20.0,1.0,6.0,21.0,56.0,17.0,3.0,0.0,15.0,15.0,23.0
2020-08-20,1.0,8.0,5.0,2.0,21.0,17.0,55.0,6.0,2.0,31.0,11.0,20.0,0.0,5.0,0.0,52.0,16.0,20.0,1.0,18.0,9.0,23.0
2020-08-21,1.0,7.0,3.0,2.0,4.0,34.0,50.0,8.0,1.0,27.0,11.0,26.0,1.0,2.0,13.0,63.0,11.0,8.0,0.0,17.0,20.0,24.0
2020-08-22,1.0,7.0,6.0,2.0,20.0,0.0,31.0,5.0,2.0,73.0,12.0,19.0,3.0,6.0,15.0,60.0,14.0,6.0,0.0,15.0,7.0,25.0
2020-08-23,1.0,7.0,4.0,1.0,5.0,0.0,31.0,7.0,5.0,55.0,11.0,25.0,2.0,3.0,5.0,55.0,13.0,7.0,0.0,17.0,6.0,24.0
2020-08-24,1.0,7.0,5.0,1.0,20.0,0.0,56.0,7.0,1.0,19.0,11.0,20.0,4.0,3.0,4.0,47.0,16.0,3.0,0.0,14.0,5.0,21.0
2020-08-25,1.0,7.0,3.0,2.0,4.0,33.0,55.0,5.0,1.0,37.0,11.0,15.0,0.0,7.0,4.0,43.0,11.0,12.0,1.0,18.0,4.0,22.0
2020-08-26,1.0,7.0,2.0,2.0,4.0,0.0,54.0,5.0,3.0,19.0,12.0,21.0,6.0,5.0,16.0,51.0,18.0,8.0,0.0,25.0,4.0,22.0
2020-08-27,1.0,6.0,2.0,2.0,12.0,0.0,54.0,8.0,4.0,15.0,13.0,36.0,3.0,5.0,4.0,48.0,18.0,7.0,0.0,18.0,5.0,23.0
2020-08-28,1.0,6.0,3.0,1.0,8.0,0.0,49.0,9.0,1.0,15.0,12.0,37.0,1.0,8.0,4.0,63.0,18.0,5.0,0.0,28.0,6.0,26.0
2020-08-29,1.0,5.0,2.0,2.0,18.0,0.0,34.0,6.0,4.0,61.0,12.0,32.0,6.0,5.0,5.0,67.0,14.0,2.0,0.0,16.0,5.0,23.0
2020-08-30,1.0,5.0,2.0,1.0,10.0,20.0,32.0,10.0,1.0,49.0,12.0,27.0,3.0,4.0,10.0,52.0,17.0,3.0,0.0,15.0,5.0,25.0
2020-08-31,1.0,6.0,4.0,2.0,20.0,16.0,57.0,4.0,3.0,22.0,11.0,22.0,0.0,10.0,4.0,49.0,18.0,5.0,0.0,13.0,5.0,22.0
2020-09-01,1.0,6.0,3.0,3.0,4.0,16.0,59.0,5.0,1.0,15.0,15.0,24.0,2.0,9.0,8.0,50.0,13.0,5.0,0.0,15.0,6.0,22.0
2020-09-02,1.0,7.0,2.0,2.0,19.0,32.0,63.0,6.0,3.0,4.0,13.0,28.0,1.0,6.0,8.0,54.0,20.0,6.0,0.0,14.0,6.0,24.0
2020-09-03,1.0,6.0,3.0,2.0,4.0,0.0,63.0,7.0,5.0,22.0,11.0,27.0,3.0,15.0,0.0,55.0,16.0,7.0,0.0,13.0,5.0,25.0
2020-09-04,1.0,5.0,4.0,2.0,12.0,17.0,52.0,8.0,4.0,31.0,11.0,28.0,1.0,13.0,12.0,50.0,11.0,6.0,0.0,17.0,5.0,28.0
2020-09-05,1.0,4.0,2.0,3.0,10.0,0.0,36.0,6.0,6.0,100.0,12.0,25.0,1.0,6.0,0.0,73.0,14.0,6.0,0.0,18.0,5.0,27.0
2020-09-06,1.0,4.0,3.0,3.0,19.0,20.0,33.0,4.0,2.0,86.0,12.0,21.0,1.0,8.0,10.0,58.0,12.0,4.0,0.0,17.0,4.0,26.0
2020-09-07,1.0,5.0,2.0,2.0,9.0,0.0,39.0,3.0,2.0,61.0,20.0,22.0,1.0,9.0,5.0,55.0,12.0,3.0,0.0,15.0,4.0,27.0
2020-09-08,1.0,8.0,4.0,2.0,4.0,16.0,63.0,6.0,2.0,18.0,20.0,16.0,1.0,11.0,8.0,59.0,19.0,11.0,0.0,13.0,5.0,25.0
2020-09-09,1.0,9.0,5.0,3.0,0.0,0.0,67.0,5.0,2.0,15.0,16.0,17.0,1.0,14.0,12.0,52.0,20.0,3.0,0.0,16.0,5.0,25.0
2020-09-10,1.0,8.0,3.0,3.0,8.0,31.0,62.0,5.0,2.0,28.0,13.0,25.0,1.0,17.0,4.0,50.0,18.0,8.0,0.0,15.0,4.0,26.0
2020-09-11,1.0,7.0,3.0,3.0,12.0,16.0,59.0,7.0,2.0,26.0,12.0,19.0,2.0,11.0,0.0,58.0,16.0,8.0,0.0,14.0,4.0,26.0
2020-09-12,1.0,5.0,4.0,3.0,23.0,0.0,37.0,11.0,1.0,31.0,15.0,20.0,2.0,7.0,5.0,63.0,7.0,7.0,0.0,13.0,4.0,25.0
2020-09-13,1.0,4.0,0.0,3.0,5.0,38.0,37.0,6.0,1.0,30.0,14.0,19.0,2.0,17.0,5.0,67.0,12.0,4.0,0.0,14.0,4.0,26.0
2020-09-14,1.0,6.0,5.0,2.0,4.0,64.0,66.0,5.0,0.0,22.0,20.0,15.0,1.0,13.0,4.0,55.0,12.0,9.0,0.0,13.0,4.0,23.0
2020-09-15,1.0,7.0,4.0,3.0,23.0,48.0,68.0,4.0,3.0,22.0,17.0,20.0,1.0,19.0,4.0,47.0,9.0,6.0,0.0,13.0,5.0,23.0
2020-09-16,1.0,7.0,4.0,3.0,12.0,0.0,65.0,3.0,2.0,22.0,14.0,17.0,1.0,12.0,12.0,61.0,25.0,9.0,0.0,13.0,6.0,25.0
2020-09-17,1.0,7.0,5.0,4.0,19.0,31.0,61.0,5.0,2.0,11.0,12.0,14.0,1.0,22.0,8.0,55.0,13.0,7.0,0.0,12.0,6.0,26.0
2020-09-18,1.0,7.0,3.0,3.0,4.0,16.0,56.0,6.0,1.0,22.0,35.0,17.0,1.0,13.0,4.0,60.0,12.0,9.0,0.0,13.0,7.0,28.0
2020-09-19,1.0,5.0,7.0,3.0,5.0,20.0,37.0,7.0,1.0,45.0,38.0,17.0,1.0,10.0,0.0,61.0,14.0,7.0,0.0,18.0,6.0,25.0
2020-09-20,1.0,5.0,3.0,2.0,14.0,0.0,39.0,4.0,2.0,44.0,38.0,15.0,0.0,9.0,0.0,65.0,11.0,5.0,0.0,14.0,5.0,24.0
2020-09-21,1.0,7.0,4.0,2.0,11.0,16.0,62.0,4.0,2.0,18.0,23.0,13.0,2.0,19.0,0.0,47.0,12.0,11.0,0.0,12.0,5.0,23.0
2020-09-22,1.0,7.0,7.0,3.0,0.0,0.0,66.0,6.0,2.0,7.0,17.0,17.0,2.0,22.0,4.0,55.0,13.0,13.0,0.0,12.0,5.0,24.0
2020-09-23,1.0,7.0,4.0,3.0,12.0,0.0,66.0,7.0,3.0,11.0,14.0,16.0,1.0,20.0,4.0,61.0,10.0,11.0,0.0,12.0,6.0,24.0
2020-09-24,1.0,6.0,5.0,4.0,15.0,0.0,66.0,8.0,2.0,18.0,12.0,13.0,2.0,23.0,4.0,65.0,11.0,11.0,0.0,15.0,7.0,24.0
2020-09-25,1.0,7.0,1.0,3.0,22.0,0.0,59.0,4.0,4.0,20.0,12.0,12.0,1.0,20.0,0.0,70.0,5.0,8.0,0.0,14.0,6.0,24.0
2020-09-26,2.0,6.0,3.0,3.0,20.0,42.0,37.0,7.0,3.0,90.0,12.0,14.0,0.0,9.0,0.0,67.0,6.0,3.0,0.0,15.0,6.0,24.0
2020-09-27,1.0,6.0,3.0,3.0,25.0,0.0,40.0,7.0,3.0,19.0,12.0,17.0,0.0,10.0,0.0,67.0,12.0,6.0,0.0,16.0,7.0,25.0
2020-09-28,1.0,8.0,3.0,3.0,8.0,17.0,57.0,8.0,2.0,35.0,11.0,12.0,2.0,18.0,9.0,60.0,14.0,8.0,1.0,22.0,8.0,22.0
2020-09-29,1.0,9.0,6.0,3.0,13.0,52.0,68.0,9.0,1.0,12.0,10.0,16.0,0.0,18.0,9.0,63.0,6.0,10.0,0.0,22.0,12.0,22.0
2020-09-30,1.0,10.0,6.0,3.0,4.0,17.0,61.0,7.0,4.0,8.0,10.0,16.0,0.0,19.0,0.0,65.0,14.0,8.0,0.0,45.0,51.0,25.0
2020-10-01,1.0,12.0,5.0,3.0,12.0,17.0,60.0,8.0,5.0,8.0,10.0,14.0,2.0,26.0,4.0,67.0,14.0,8.0,0.0,20.0,16.0,22.0
2020-10-02,1.0,14.0,4.0,3.0,4.0,18.0,54.0,8.0,0.0,48.0,10.0,14.0,3.0,20.0,4.0,59.0,14.0,5.0,0.0,99.0,17.0,24.0
2020-10-03,1.0,10.0,3.0,4.0,20.0,0.0,35.0,9.0,3.0,70.0,12.0,11.0,4.0,7.0,5.0,80.0,20.0,2.0,1.0,75.0,10.0,24.0
2020-10-04,1.0,8.0,3.0,2.0,15.0,0.0,37.0,11.0,4.0,28.0,12.0,11.0,0.0,14.0,5.0,58.0,17.0,6.0,0.0,57.0,9.0,23.0
2020-10-05,1.0,11.0,5.0,2.0,13.0,0.0,69.0,7.0,3.0,35.0,11.0,12.0,3.0,27.0,4.0,57.0,17.0,12.0,0.0,40.0,8.0,21.0
2020-10-06,2.0,13.0,6.0,3.0,4.0,17.0,69.0,10.0,1.0,12.0,11.0,12.0,1.0,26.0,0.0,52.0,13.0,7.0,0.0,33.0,10.0,22.0
2020-10-07,2.0,12.0,3.0,4.0,4.0,35.0,68.0,7.0,1.0,44.0,12.0,17.0,0.0,26.0,9.0,57.0,24.0,10.0,0.0,29.0,8.0,22.0
2020-10-08,2.0,9.0,5.0,4.0,8.0,17.0,72.0,8.0,3.0,23.0,11.0,17.0,0.0,22.0,0.0,51.0,16.0,9.0,0.0,28.0,15.0,26.0
2020-10-09,2.0,10.0,3.0,4.0,5.0,0.0,65.0,7.0,5.0,32.0,11.0,15.0,1.0,23.0,5.0,59.0,4.0,6.0,0.0,24.0,8.0,24.0
2020-10-10,2.0,8.0,4.0,3.0,5.0,0.0,100.0,8.0,4.0,60.0,12.0,17.0,3.0,8.0,0.0,75.0,13.0,7.0,1.0,23.0,7.0,25.0
2020-10-11,2.0,6.0,2.0,3.0,16.0,43.0,66.0,7.0,3.0,49.0,11.0,14.0,1.0,22.0,0.0,68.0,13.0,3.0,0.0,20.0,7.0,24.0
2020-10-12,1.0,8.0,2.0,3.0,0.0,0.0,67.0,10.0,1.0,18.0,10.0,16.0,1.0,26.0,0.0,58.0,7.0,9.0,0.0,18.0,8.0,21.0
2020-10-13,1.0,10.0,5.0,3.0,9.0,0.0,61.0,12.0,2.0,13.0,10.0,17.0,1.0,22.0,5.0,55.0,13.0,8.0,0.0,17.0,8.0,22.0
2020-10-14,1.0,9.0,5.0,3.0,0.0,0.0,66.0,11.0,2.0,18.0,10.0,15.0,3.0,29.0,0.0,54.0,13.0,9.0,0.0,19.0,11.0,23.0
2020-10-15,2.0,8.0,3.0,4.0,24.0,0.0,63.0,11.0,2.0,26.0,10.0,16.0,0.0,33.0,5.0,77.0,14.0,8.0,0.0,21.0,20.0,24.0
2020-10-16,1.0,8.0,5.0,3.0,19.0,0.0,53.0,6.0,2.0,36.0,11.0,14.0,3.0,24.0,0.0,85.0,14.0,8.0,0.0,29.0,20.0,25.0
2020-10-17,2.0,6.0,3.0,3.0,5.0,22.0,36.0,11.0,2.0,51.0,11.0,17.0,0.0,14.0,6.0,75.0,12.0,8.0,0.0,20.0,13.0,25.0
2020-10-18,2.0,6.0,5.0,3.0,11.0,0.0,39.0,14.0,0.0,60.0,11.0,14.0,1.0,12.0,6.0,65.0,7.0,5.0,0.0,21.0,13.0,25.0
2020-10-19,1.0,9.0,5.0,3.0,5.0,39.0,61.0,9.0,5.0,13.0,10.0,11.0,2.0,29.0,0.0,58.0,15.0,7.0,0.0,20.0,13.0,24.0
2020-10-20,1.0,16.0,5.0,3.0,10.0,20.0,64.0,13.0,1.0,31.0,10.0,15.0,0.0,25.0,0.0,54.0,17.0,10.0,0.0,21.0,14.0,23.0
2020-10-21,1.0,16.0,3.0,3.0,14.0,0.0,61.0,15.0,15.0,14.0,11.0,17.0,1.0,27.0,0.0,64.0,14.0,13.0,0.0,21.0,15.0,26.0
2020-10-22,1.0,12.0,3.0,3.0,14.0,0.0,57.0,8.0,6.0,31.0,11.0,16.0,2.0,21.0,0.0,63.0,19.0,11.0,0.0,23.0,17.0,26.0
2020-10-23,1.0,11.0,3.0,3.0,15.0,62.0,53.0,13.0,5.0,14.0,10.0,17.0,0.0,35.0,0.0,62.0,12.0,10.0,0.0,33.0,35.0,31.0
2020-10-24,2.0,7.0,3.0,3.0,16.0,0.0,35.0,10.0,9.0,50.0,11.0,20.0,4.0,19.0,0.0,63.0,16.0,5.0,0.0,21.0,15.0,25.0
2020-10-25,1.0,6.0,3.0,2.0,16.0,0.0,34.0,8.0,5.0,25.0,11.0,17.0,1.0,9.0,6.0,54.0,13.0,1.0,0.0,22.0,17.0,26.0
2020-10-26,1.0,9.0,4.0,2.0,9.0,58.0,61.0,14.0,10.0,9.0,10.0,10.0,2.0,30.0,5.0,51.0,17.0,9.0,0.0,22.0,17.0,23.0
2020-10-27,1.0,8.0,5.0,3.0,10.0,59.0,62.0,7.0,3.0,4.0,11.0,17.0,1.0,40.0,0.0,67.0,19.0,7.0,0.0,22.0,16.0,24.0
2020-10-28,1.0,6.0,4.0,3.0,9.0,19.0,61.0,12.0,45.0,26.0,10.0,15.0,1.0,32.0,5.0,51.0,14.0,9.0,1.0,23.0,16.0,24.0
2020-10-29,2.0,6.0,3.0,3.0,23.0,39.0,61.0,14.0,21.0,13.0,10.0,17.0,0.0,41.0,5.0,63.0,10.0,3.0,0.0,21.0,14.0,24.0
2020-10-30,2.0,5.0,6.0,3.0,29.0,20.0,51.0,13.0,0.0,14.0,10.0,14.0,2.0,30.0,5.0,72.0,11.0,9.0,0.0,23.0,16.0,25.0
2020-10-31,2.0,3.0,5.0,3.0,34.0,23.0,32.0,12.0,4.0,31.0,11.0,13.0,3.0,12.0,12.0,63.0,9.0,7.0,0.0,25.0,15.0,25.0
2020-11-01,2.0,3.0,3.0,2.0,22.0,23.0,35.0,19.0,1.0,41.0,11.0,16.0,0.0,11.0,0.0,69.0,19.0,2.0,0.0,29.0,18.0,25.0
2020-11-02,1.0,4.0,3.0,2.0,14.0,20.0,58.0,10.0,2.0,9.0,10.0,16.0,1.0,30.0,0.0,54.0,16.0,7.0,0.0,34.0,20.0,23.0
2020-11-03,2.0,3.0,2.0,3.0,18.0,0.0,53.0,12.0,4.0,9.0,10.0,14.0,3.0,28.0,0.0,56.0,20.0,8.0,0.0,46.0,32.0,22.0
2020-11-04,1.0,2.0,1.0,1.0,22.0,51.0,37.0,10.0,1.0,17.0,6.0,8.0,1.0,26.0,0.0,36.0,4.0,11.0,1.0,98.0,82.0,15.0
2020-11-05,1.0,2.0,2.0,3.0,7.0,0.0,43.0,11.0,3.0,26.0,8.0,12.0,1.0,26.0,0.0,41.0,13.0,8.0,2.0,75.0,65.0,16.0
2020-11-06,1.0,2.0,1.0,3.0,15.0,16.0,42.0,14.0,4.0,25.0,9.0,12.0,0.0,31.0,0.0,54.0,16.0,6.0,1.0,68.0,52.0,19.0
2020-11-07,1.0,3.0,4.0,2.0,0.0,0.0,28.0,20.0,4.0,75.0,10.0,14.0,1.0,13.0,0.0,66.0,7.0,5.0,1.0,92.0,100.0,22.0
2020-11-08,2.0,4.0,4.0,2.0,30.0,20.0,35.0,20.0,2.0,32.0,11.0,14.0,0.0,15.0,0.0,65.0,11.0,5.0,1.0,82.0,95.0,24.0
2020-11-09,2.0,6.0,2.0,3.0,32.0,75.0,63.0,19.0,0.0,13.0,10.0,10.0,2.0,38.0,0.0,52.0,22.0,8.0,1.0,47.0,32.0,22.0
2020-11-10,2.0,6.0,5.0,4.0,27.0,0.0,62.0,21.0,3.0,17.0,10.0,13.0,2.0,45.0,14.0,63.0,14.0,8.0,1.0,38.0,23.0,22.0
2020-11-11,2.0,4.0,5.0,3.0,32.0,0.0,54.0,25.0,2.0,29.0,10.0,13.0,1.0,36.0,0.0,66.0,20.0,6.0,1.0,32.0,15.0,21.0
2020-11-12,2.0,4.0,4.0,4.0,13.0,0.0,59.0,21.0,4.0,4.0,11.0,10.0,1.0,41.0,5.0,52.0,17.0,5.0,0.0,28.0,13.0,22.0
2020-11-13,2.0,4.0,3.0,6.0,9.0,19.0,53.0,24.0,1.0,26.0,10.0,12.0,2.0,53.0,0.0,63.0,17.0,7.0,0.0,29.0,11.0,24.0
2020-11-14,2.0,4.0,4.0,4.0,16.0,22.0,37.0,25.0,5.0,29.0,12.0,16.0,3.0,25.0,6.0,66.0,11.0,5.0,0.0,27.0,9.0,25.0
2020-11-15,3.0,4.0,4.0,4.0,21.0,0.0,36.0,22.0,1.0,24.0,11.0,15.0,0.0,22.0,6.0,64.0,13.0,8.0,1.0,25.0,9.0,24.0
2020-11-16,3.0,6.0,4.0,6.0,14.0,0.0,62.0,28.0,2.0,13.0,11.0,15.0,1.0,59.0,5.0,50.0,24.0,8.0,0.0,22.0,8.0,22.0
2020-11-17,3.0,6.0,5.0,6.0,23.0,19.0,59.0,24.0,2.0,17.0,11.0,21.0,0.0,61.0,14.0,55.0,11.0,5.0,0.0,20.0,7.0,22.0
2020-11-18,4.0,6.0,3.0,6.0,28.0,20.0,63.0,30.0,2.0,9.0,11.0,29.0,1.0,52.0,5.0,72.0,16.0,8.0,0.0,19.0,6.0,23.0
2020-11-19,4.0,5.0,4.0,6.0,14.0,0.0,58.0,22.0,2.0,17.0,12.0,24.0,2.0,57.0,9.0,50.0,17.0,10.0,1.0,19.0,5.0,22.0
2020-11-20,4.0,5.0,5.0,6.0,24.0,40.0,52.0,34.0,0.0,14.0,12.0,17.0,1.0,60.0,5.0,74.0,16.0,9.0,0.0,20.0,7.0,23.0
2020-11-21,4.0,4.0,4.0,4.0,16.0,22.0,35.0,41.0,2.0,44.0,12.0,18.0,1.0,18.0,22.0,68.0,14.0,1.0,0.0,19.0,5.0,24.0
2020-11-22,4.0,3.0,4.0,6.0,21.0,0.0,34.0,32.0,3.0,29.0,13.0,16.0,0.0,22.0,5.0,71.0,21.0,4.0,1.0,18.0,4.0,24.0
2020-11-23,3.0,4.0,3.0,6.0,19.0,20.0,57.0,27.0,0.0,18.0,12.0,19.0,0.0,34.0,20.0,59.0,23.0,3.0,0.0,17.0,5.0,22.0
2020-11-24,3.0,4.0,3.0,12.0,44.0,100.0,56.0,29.0,4.0,23.0,12.0,27.0,0.0,36.0,10.0,53.0,22.0,6.0,0.0,21.0,7.0,22.0
2020-11-25,2.0,4.0,4.0,13.0,29.0,0.0,46.0,24.0,5.0,9.0,12.0,25.0,1.0,29.0,0.0,58.0,15.0,10.0,0.0,15.0,6.0,22.0
2020-11-26,2.0,3.0,1.0,9.0,36.0,21.0,25.0,26.0,2.0,14.0,12.0,21.0,1.0,10.0,11.0,50.0,9.0,2.0,1.0,14.0,5.0,21.0
2020-11-27,2.0,3.0,3.0,7.0,40.0,0.0,31.0,30.0,5.0,56.0,11.0,17.0,1.0,14.0,20.0,38.0,21.0,4.0,0.0,15.0,4.0,20.0
2020-11-28,2.0,3.0,3.0,9.0,15.0,21.0,29.0,32.0,2.0,47.0,12.0,19.0,0.0,18.0,0.0,47.0,29.0,4.0,0.0,14.0,3.0,22.0
2020-11-29,2.0,3.0,2.0,8.0,40.0,0.0,32.0,23.0,6.0,47.0,12.0,19.0,0.0,20.0,0.0,52.0,19.0,5.0,0.0,13.0,4.0,23.0
2020-11-30,2.0,5.0,5.0,9.0,22.0,0.0,59.0,26.0,4.0,12.0,11.0,17.0,2.0,34.0,9.0,59.0,13.0,6.0,0.0,12.0,7.0,22.0
2020-12-01,2.0,6.0,6.0,10.0,32.0,0.0,61.0,24.0,1.0,4.0,11.0,21.0,1.0,40.0,14.0,52.0,18.0,8.0,0.0,12.0,4.0,23.0
2020-12-02,2.0,6.0,1.0,13.0,23.0,19.0,56.0,25.0,0.0,4.0,11.0,17.0,1.0,51.0,9.0,58.0,25.0,5.0,0.0,12.0,3.0,24.0
2020-12-03,2.0,6.0,3.0,14.0,27.0,0.0,55.0,29.0,1.0,4.0,12.0,17.0,3.0,55.0,9.0,52.0,22.0,7.0,1.0,13.0,3.0,23.0
2020-12-04,2.0,6.0,7.0,14.0,28.0,20.0,51.0,29.0,4.0,9.0,11.0,17.0,8.0,64.0,14.0,62.0,29.0,9.0,0.0,12.0,4.0,26.0
2020-12-05,2.0,5.0,5.0,13.0,20.0,0.0,33.0,28.0,4.0,29.0,12.0,17.0,2.0,38.0,21.0,61.0,10.0,3.0,0.0,12.0,3.0,27.0
2020-12-06,2.0,4.0,4.0,13.0,55.0,21.0,36.0,26.0,3.0,33.0,12.0,15.0,4.0,31.0,21.0,59.0,12.0,2.0,0.0,13.0,3.0,25.0
2020-12-07,2.0,6.0,7.0,14.0,37.0,19.0,61.0,27.0,2.0,9.0,11.0,17.0,2.0,48.0,19.0,49.0,16.0,2.0,0.0,10.0,3.0,23.0
2020-12-08,2.0,6.0,4.0,18.0,46.0,0.0,62.0,23.0,5.0,4.0,11.0,17.0,6.0,68.0,9.0,54.0,30.0,13.0,0.0,11.0,3.0,24.0
2020-12-09,2.0,8.0,5.0,23.0,37.0,19.0,55.0,31.0,6.0,26.0,11.0,12.0,15.0,75.0,14.0,61.0,28.0,9.0,0.0,12.0,3.0,25.0
2020-12-10,2.0,7.0,7.0,26.0,32.0,0.0,57.0,28.0,1.0,9.0,11.0,18.0,18.0,64.0,28.0,57.0,20.0,9.0,0.0,11.0,4.0,25.0
2020-12-11,2.0,6.0,8.0,31.0,33.0,20.0,51.0,26.0,2.0,9.0,11.0,18.0,17.0,54.0,10.0,73.0,14.0,9.0,0.0,12.0,4.0,25.0
2020-12-12,2.0,4.0,8.0,34.0,56.0,21.0,33.0,36.0,4.0,5.0,11.0,19.0,23.0,48.0,5.0,63.0,10.0,4.0,0.0,18.0,4.0,25.0
2020-12-13,2.0,4.0,7.0,29.0,56.0,21.0,36.0,27.0,1.0,28.0,12.0,18.0,18.0,34.0,21.0,57.0,15.0,6.0,0.0,13.0,4.0,25.0
2020-12-14,2.0,6.0,9.0,42.0,32.0,19.0,54.0,28.0,1.0,9.0,12.0,14.0,5.0,67.0,9.0,57.0,24.0,8.0,0.0,15.0,6.0,23.0
2020-12-15,2.0,8.0,6.0,41.0,65.0,0.0,56.0,18.0,1.0,17.0,11.0,20.0,19.0,100.0,43.0,53.0,27.0,2.0,0.0,16.0,8.0,23.0
2020-12-16,1.0,12.0,5.0,36.0,47.0,20.0,54.0,31.0,2.0,9.0,11.0,41.0,18.0,81.0,10.0,64.0,16.0,9.0,0.0,13.0,5.0,24.0
2020-12-17,2.0,18.0,6.0,40.0,37.0,0.0,51.0,20.0,3.0,4.0,11.0,25.0,10.0,86.0,0.0,76.0,15.0,8.0,3.0,12.0,4.0,25.0
2020-12-18,2.0,18.0,7.0,41.0,49.0,20.0,44.0,26.0,1.0,9.0,11.0,26.0,11.0,60.0,15.0,74.0,13.0,3.0,3.0,12.0,5.0,24.0
2020-12-19,2.0,17.0,8.0,36.0,53.0,0.0,29.0,23.0,6.0,35.0,12.0,19.0,9.0,39.0,16.0,76.0,11.0,1.0,1.0,12.0,4.0,25.0
2020-12-20,2.0,23.0,7.0,29.0,80.0,22.0,26.0,22.0,2.0,20.0,12.0,23.0,20.0,41.0,27.0,60.0,19.0,5.0,0.0,12.0,3.0,25.0
2020-12-21,1.0,49.0,9.0,27.0,67.0,0.0,42.0,29.0,3.0,9.0,11.0,18.0,16.0,35.0,15.0,69.0,17.0,4.0,2.0,11.0,3.0,23.0
2020-12-22,1.0,47.0,6.0,29.0,59.0,21.0,41.0,26.0,3.0,41.0,12.0,15.0,11.0,31.0,5.0,64.0,11.0,9.0,3.0,13.0,3.0,23.0
2020-12-23,1.0,42.0,5.0,28.0,55.0,0.0,36.0,34.0,1.0,5.0,11.0,26.0,11.0,21.0,10.0,62.0,10.0,5.0,2.0,23.0,3.0,24.0
2020-12-24,2.0,26.0,7.0,22.0,41.0,0.0,25.0,32.0,3.0,19.0,11.0,21.0,11.0,19.0,16.0,52.0,7.0,1.0,1.0,14.0,2.0,28.0
2020-12-25,1.0,16.0,5.0,19.0,64.0,24.0,19.0,25.0,0.0,22.0,12.0,25.0,9.0,10.0,12.0,57.0,4.0,3.0,1.0,13.0,2.0,34.0
2020-12-26,1.0,17.0,6.0,17.0,61.0,0.0,24.0,29.0,4.0,41.0,12.0,19.0,2.0,12.0,0.0,56.0,12.0,2.0,1.0,12.0,2.0,26.0
2020-12-27,1.0,17.0,7.0,18.0,30.0,0.0,26.0,25.0,8.0,52.0,12.0,17.0,4.0,11.0,10.0,71.0,12.0,6.0,0.0,13.0,2.0,24.0
2020-12-28,1.0,58.0,12.0,24.0,43.0,0.0,41.0,24.0,0.0,31.0,12.0,17.0,9.0,19.0,5.0,53.0,13.0,6.0,3.0,19.0,2.0,23.0
2020-12-29,1.0,71.0,13.0,36.0,63.0,20.0,42.0,34.0,2.0,45.0,12.0,18.0,10.0,23.0,15.0,56.0,16.0,9.0,3.0,12.0,3.0,24.0
2020-12-30,1.0,92.0,13.0,37.0,24.0,0.0,39.0,37.0,3.0,36.0,13.0,19.0,15.0,25.0,15.0,59.0,21.0,4.0,8.0,11.0,2.0,24.0
2020-12-31,1.0,57.0,16.0,31.0,53.0,0.0,34.0,35.0,3.0,36.0,13.0,17.0,7.0,16.0,20.0,62.0,10.0,7.0,12.0,10.0,2.0,28.0
2021-01-01,1.0,42.0,14.0,22.0,57.0,0.0,26.0,37.0,1.0,63.0,13.0,19.0,4.0,11.0,0.0,63.0,10.0,7.0,18.0,11.0,3.0,29.0
2021-01-02,1.0,33.0,18.0,18.0,56.0,21.0,27.0,31.0,3.0,48.0,13.0,25.0,11.0,12.0,5.0,59.0,18.0,6.0,15.0,11.0,3.0,26.0
2021-01-03,2.0,23.0,17.0,20.0,100.0,0.0,30.0,38.0,1.0,47.0,13.0,21.0,6.0,15.0,15.0,56.0,11.0,7.0,8.0,13.0,3.0,26.0
2021-01-04,1.0,47.0,26.0,23.0,45.0,19.0,49.0,29.0,3.0,21.0,12.0,18.0,13.0,23.0,14.0,56.0,16.0,5.0,10.0,17.0,3.0,22.0
2021-01-05,1.0,51.0,26.0,31.0,54.0,19.0,51.0,35.0,4.0,8.0,12.0,21.0,18.0,35.0,28.0,46.0,18.0,4.0,9.0,17.0,3.0,23.0
2021-01-06,1.0,42.0,20.0,30.0,62.0,0.0,46.0,24.0,4.0,29.0,11.0,20.0,9.0,32.0,5.0,45.0,23.0,8.0,8.0,50.0,9.0,23.0
2021-01-07,1.0,30.0,19.0,32.0,67.0,0.0,50.0,32.0,3.0,17.0,12.0,92.0,14.0,31.0,18.0,46.0,16.0,9.0,50.0,71.0,11.0,23.0
2021-01-08,1.0,26.0,19.0,37.0,41.0,0.0,48.0,22.0,1.0,4.0,12.0,83.0,9.0,32.0,0.0,66.0,21.0,7.0,20.0,45.0,7.0,26.0
2021-01-09,1.0,18.0,25.0,34.0,65.0,0.0,32.0,29.0,4.0,37.0,13.0,41.0,9.0,26.0,0.0,65.0,13.0,2.0,11.0,45.0,6.0,28.0
2021-01-10,1.0,12.0,19.0,27.0,44.0,0.0,26.0,22.0,1.0,37.0,13.0,26.0,11.0,28.0,5.0,56.0,21.0,2.0,5.0,33.0,5.0,26.0
2021-01-11,1.0,16.0,36.0,28.0,53.0,0.0,52.0,25.0,3.0,4.0,12.0,17.0,9.0,37.0,0.0,48.0,18.0,11.0,4.0,36.0,5.0,25.0
2021-01-12,1.0,16.0,37.0,37.0,18.0,0.0,53.0,33.0,1.0,17.0,12.0,19.0,5.0,40.0,0.0,43.0,22.0,6.0,4.0,33.0,4.0,25.0
2021-01-13,1.0,15.0,45.0,40.0,51.0,0.0,53.0,32.0,3.0,9.0,12.0,19.0,9.0,47.0,5.0,57.0,18.0,10.0,3.0,40.0,4.0,24.0
2021-01-14,1.0,18.0,64.0,44.0,32.0,19.0,56.0,33.0,1.0,17.0,12.0,17.0,3.0,61.0,9.0,48.0,18.0,7.0,4.0,32.0,8.0,24.0
2021-01-15,1.0,21.0,48.0,41.0,28.0,0.0,52.0,28.0,2.0,21.0,13.0,13.0,13.0,60.0,19.0,57.0,13.0,5.0,7.0,20.0,11.0,24.0
2021-01-16,1.0,14.0,27.0,38.0,30.0,0.0,32.0,27.0,4.0,61.0,14.0,18.0,8.0,20.0,20.0,61.0,12.0,3.0,3.0,18.0,6.0,25.0
2021-01-17,1.0,11.0,29.0,29.0,84.0,0.0,33.0,23.0,4.0,56.0,14.0,13.0,6.0,21.0,20.0,60.0,19.0,5.0,1.0,17.0,7.0,25.0
2021-01-18,1.0,12.0,49.0,29.0,33.0,0.0,43.0,20.0,1.0,40.0,13.0,13.0,9.0,25.0,20.0,53.0,26.0,7.0,1.0,17.0,8.0,23.0
2021-01-19,1.0,13.0,55.0,38.0,18.0,0.0,58.0,22.0,4.0,13.0,13.0,10.0,13.0,48.0,9.0,47.0,20.0,5.0,2.0,25.0,15.0,23.0
2021-01-20,1.0,13.0,37.0,36.0,63.0,19.0,53.0,17.0,3.0,4.0,12.0,13.0,6.0,52.0,0.0,53.0,21.0,5.0,3.0,64.0,65.0,26.0
2021-01-21,1.0,16.0,40.0,38.0,68.0,38.0,56.0,16.0,0.0,4.0,12.0,15.0,8.0,52.0,9.0,56.0,21.0,12.0,3.0,33.0,53.0,25.0
2021-01-22,1.0,15.0,57.0,39.0,60.0,0.0,52.0,16.0,0.0,21.0,13.0,12.0,6.0,37.0,5.0,58.0,20.0,8.0,2.0,20.0,31.0,24.0
2021-01-23,1.0,13.0,37.0,33.0,30.0,21.0,33.0,25.0,2.0,33.0,14.0,16.0,9.0,13.0,10.0,60.0,18.0,6.0,2.0,16.0,23.0,24.0
2021-01-24,1.0,11.0,39.0,30.0,40.0,0.0,34.0,24.0,5.0,9.0,13.0,14.0,8.0,20.0,15.0,60.0,23.0,0.0,2.0,12.0,17.0,24.0
2021-01-25,1.0,14.0,60.0,28.0,36.0,0.0,60.0,18.0,4.0,29.0,14.0,12.0,9.0,48.0,5.0,46.0,20.0,2.0,2.0,11.0,15.0,28.0
2021-01-26,1.0,14.0,85.0,31.0,41.0,0.0,56.0,20.0,2.0,13.0,13.0,14.0,10.0,46.0,9.0,52.0,21.0,6.0,1.0,11.0,13.0,24.0
2021-01-27,1.0,12.0,47.0,38.0,45.0,0.0,59.0,15.0,0.0,4.0,13.0,13.0,9.0,38.0,14.0,50.0,14.0,10.0,4.0,9.0,11.0,26.0
2021-01-28,1.0,12.0,45.0,39.0,27.0,19.0,59.0,18.0,3.0,4.0,13.0,13.0,13.0,64.0,9.0,49.0,15.0,9.0,2.0,8.0,11.0,27.0
2021-01-29,1.0,11.0,49.0,37.0,41.0,19.0,55.0,18.0,5.0,9.0,13.0,15.0,9.0,75.0,5.0,66.0,13.0,5.0,2.0,7.0,9.0,26.0
2021-01-30,1.0,11.0,33.0,35.0,77.0,0.0,37.0,19.0,2.0,29.0,16.0,11.0,10.0,29.0,11.0,64.0,26.0,8.0,1.0,7.0,8.0,25.0
2021-01-31,1.0,10.0,27.0,28.0,56.0,0.0,38.0,16.0,5.0,33.0,16.0,9.0,5.0,21.0,11.0,55.0,22.0,3.0,2.0,8.0,7.0,25.0
2021-02-01,1.0,12.0,45.0,23.0,27.0,0.0,59.0,11.0,2.0,13.0,14.0,10.0,5.0,51.0,5.0,44.0,24.0,5.0,1.0,6.0,7.0,23.0
2021-02-02,1.0,14.0,43.0,31.0,23.0,0.0,59.0,14.0,3.0,25.0,15.0,55.0,8.0,49.0,5.0,54.0,28.0,6.0,3.0,6.0,7.0,22.0
2021-02-03,1.0,15.0,53.0,37.0,28.0,19.0,63.0,17.0,1.0,4.0,15.0,73.0,11.0,48.0,14.0,54.0,22.0,6.0,3.0,6.0,7.0,23.0
2021-02-04,1.0,15.0,43.0,39.0,28.0,0.0,57.0,12.0,2.0,9.0,14.0,30.0,7.0,65.0,5.0,54.0,19.0,7.0,1.0,6.0,6.0,24.0
2021-02-05,1.0,21.0,41.0,40.0,47.0,0.0,53.0,11.0,2.0,22.0,14.0,17.0,8.0,54.0,5.0,62.0,16.0,8.0,2.0,6.0,7.0,24.0
2021-02-06,1.0,18.0,29.0,42.0,36.0,0.0,39.0,12.0,2.0,24.0,16.0,17.0,9.0,21.0,5.0,48.0,6.0,4.0,3.0,6.0,6.0,24.0
2021-02-07,1.0,13.0,28.0,31.0,20.0,0.0,36.0,10.0,4.0,28.0,16.0,13.0,7.0,35.0,5.0,63.0,12.0,7.0,2.0,6.0,6.0,22.0
2021-02-08,1.0,15.0,46.0,25.0,4.0,0.0,56.0,11.0,3.0,21.0,14.0,17.0,9.0,43.0,5.0,53.0,18.0,11.0,2.0,7.0,5.0,20.0
2021-02-09,1.0,16.0,59.0,31.0,28.0,20.0,63.0,16.0,2.0,18.0,14.0,14.0,5.0,47.0,10.0,67.0,28.0,7.0,4.0,9.0,5.0,22.0
2021-02-10,1.0,14.0,56.0,39.0,28.0,19.0,63.0,8.0,4.0,22.0,14.0,9.0,7.0,59.0,14.0,57.0,14.0,9.0,2.0,10.0,4.0,22.0
2021-02-11,1.0,13.0,57.0,39.0,18.0,0.0,62.0,15.0,5.0,4.0,15.0,11.0,5.0,56.0,0.0,66.0,13.0,8.0,3.0,9.0,4.0,24.0
2021-02-12,1.0,13.0,58.0,40.0,14.0,39.0,52.0,11.0,5.0,9.0,14.0,14.0,9.0,45.0,14.0,63.0,12.0,5.0,2.0,9.0,5.0,25.0
2021-02-13,1.0,11.0,41.0,39.0,51.0,64.0,35.0,12.0,1.0,19.0,14.0,15.0,6.0,22.0,5.0,68.0,11.0,5.0,2.0,20.0,5.0,24.0
2021-02-14,1.0,9.0,40.0,31.0,15.0,21.0,31.0,8.0,1.0,47.0,15.0,13.0,4.0,23.0,26.0,79.0,8.0,8.0,1.0,16.0,4.0,23.0
2021-02-15,1.0,12.0,49.0,26.0,20.0,41.0,51.0,10.0,6.0,14.0,15.0,9.0,7.0,22.0,10.0,65.0,12.0,6.0,1.0,9.0,5.0,22.0
2021-02-16,1.0,12.0,45.0,27.0,19.0,0.0,58.0,9.0,3.0,9.0,14.0,10.0,7.0,38.0,5.0,67.0,14.0,9.0,1.0,7.0,4.0,21.0
2021-02-17,1.0,12.0,49.0,29.0,61.0,19.0,61.0,8.0,2.0,9.0,13.0,15.0,2.0,55.0,29.0,47.0,12.0,10.0,1.0,8.0,7.0,22.0
2021-02-18,1.0,12.0,44.0,30.0,5.0,19.0,60.0,11.0,1.0,4.0,14.0,14.0,3.0,44.0,29.0,57.0,27.0,8.0,1.0,6.0,6.0,23.0
2021-02-19,1.0,12.0,54.0,32.0,9.0,20.0,52.0,10.0,1.0,9.0,14.0,15.0,3.0,57.0,0.0,66.0,14.0,14.0,1.0,5.0,6.0,25.0
2021-02-20,1.0,11.0,31.0,33.0,32.0,0.0,37.0,9.0,6.0,34.0,16.0,12.0,2.0,21.0,32.0,64.0,8.0,11.0,1.0,4.0,4.0,24.0
2021-02-21,1.0,10.0,27.0,29.0,37.0,0.0,35.0,9.0,1.0,15.0,16.0,12.0,1.0,22.0,11.0,52.0,17.0,5.0,2.0,4.0,4.0,24.0
2021-02-22,1.0,13.0,36.0,26.0,23.0,19.0,69.0,9.0,3.0,25.0,15.0,12.0,5.0,45.0,18.0,49.0,18.0,5.0,1.0,5.0,4.0,21.0
2021-02-23,1.0,15.0,42.0,30.0,9.0,0.0,62.0,7.0,2.0,22.0,14.0,12.0,7.0,51.0,0.0,53.0,13.0,7.0,1.0,5.0,4.0,22.0
2021-02-24,1.0,14.0,51.0,33.0,28.0,58.0,62.0,10.0,4.0,26.0,14.0,9.0,3.0,55.0,19.0,62.0,13.0,9.0,2.0,4.0,5.0,21.0
2021-02-25,1.0,13.0,53.0,42.0,9.0,0.0,60.0,11.0,5.0,9.0,14.0,9.0,5.0,55.0,24.0,58.0,9.0,9.0,1.0,4.0,5.0,22.0
2021-02-26,1.0,17.0,46.0,40.0,5.0,20.0,58.0,8.0,1.0,22.0,14.0,9.0,3.0,55.0,14.0,55.0,23.0,4.0,2.0,5.0,8.0,23.0
2021-02-27,1.0,25.0,55.0,45.0,26.0,22.0,37.0,5.0,2.0,29.0,15.0,13.0,4.0,38.0,11.0,75.0,22.0,4.0,3.0,6.0,6.0,23.0
2021-02-28,1.0,16.0,25.0,41.0,10.0,0.0,39.0,8.0,4.0,34.0,14.0,10.0,5.0,28.0,5.0,62.0,14.0,6.0,3.0,12.0,4.0,24.0
2021-03-01,1.0,18.0,49.0,31.0,18.0,0.0,62.0,10.0,1.0,9.0,13.0,6.0,2.0,65.0,9.0,52.0,22.0,10.0,1.0,8.0,4.0,22.0
2021-03-02,1.0,18.0,59.0,39.0,23.0,19.0,65.0,10.0,2.0,4.0,13.0,7.0,5.0,72.0,5.0,42.0,16.0,4.0,3.0,5.0,5.0,22.0
2021-03-03,1.0,19.0,69.0,44.0,14.0,19.0,65.0,9.0,3.0,21.0,13.0,12.0,5.0,69.0,14.0,57.0,15.0,2.0,4.0,4.0,5.0,22.0
2021-03-04,1.0,21.0,74.0,47.0,19.0,0.0,59.0,10.0,1.0,9.0,13.0,9.0,1.0,61.0,14.0,51.0,12.0,8.0,3.0,4.0,5.0,23.0
2021-03-05,1.0,21.0,75.0,58.0,14.0,0.0,55.0,7.0,2.0,13.0,13.0,10.0,5.0,63.0,10.0,54.0,14.0,27.0,3.0,3.0,4.0,23.0
2021-03-06,1.0,33.0,54.0,58.0,16.0,0.0,36.0,10.0,2.0,44.0,14.0,10.0,6.0,25.0,0.0,62.0,8.0,8.0,8.0,3.0,4.0,24.0
2021-03-07,1.0,33.0,54.0,49.0,16.0,22.0,34.0,13.0,2.0,74.0,14.0,11.0,2.0,34.0,0.0,53.0,9.0,1.0,6.0,3.0,4.0,24.0
2021-03-08,1.0,30.0,81.0,47.0,28.0,19.0,63.0,11.0,2.0,13.0,12.0,23.0,7.0,51.0,10.0,47.0,15.0,4.0,8.0,3.0,3.0,21.0
2021-03-09,1.0,32.0,89.0,54.0,14.0,0.0,64.0,9.0,0.0,13.0,12.0,18.0,5.0,51.0,5.0,50.0,16.0,6.0,6.0,3.0,4.0,21.0
2021-03-10,1.0,45.0,100.0,56.0,5.0,0.0,63.0,9.0,0.0,34.0,12.0,15.0,2.0,51.0,14.0,49.0,11.0,14.0,11.0,3.0,6.0,22.0
2021-03-11,1.0,47.0,90.0,61.0,19.0,0.0,60.0,8.0,1.0,30.0,12.0,11.0,3.0,67.0,0.0,55.0,10.0,8.0,16.0,4.0,7.0,23.0
2021-03-12,1.0,57.0,98.0,64.0,9.0,20.0,56.0,11.0,0.0,26.0,12.0,8.0,6.0,58.0,10.0,47.0,12.0,7.0,30.0,4.0,9.0,23.0
2021-03-13,1.0,63.0,63.0,60.0,35.0,0.0,37.0,12.0,2.0,23.0,13.0,11.0,12.0,28.0,5.0,57.0,12.0,12.0,60.0,3.0,3.0,23.0
2021-03-14,1.0,49.0,57.0,52.0,15.0,0.0,39.0,11.0,1.0,32.0,13.0,9.0,4.0,30.0,10.0,53.0,7.0,6.0,39.0,3.0,3.0,24.0
2021-03-15,1.0,54.0,69.0,49.0,11.0,16.0,59.0,7.0,1.0,14.0,12.0,8.0,5.0,48.0,16.0,52.0,7.0,6.0,42.0,3.0,3.0,21.0
2021-03-16,1.0,48.0,79.0,54.0,24.0,0.0,58.0,6.0,2.0,11.0,12.0,10.0,2.0,66.0,16.0,58.0,8.0,6.0,48.0,3.0,3.0,22.0
2021-03-17,1.0,58.0,73.0,55.0,27.0,56.0,54.0,9.0,2.0,13.0,12.0,7.0,8.0,58.0,9.0,65.0,9.0,6.0,100.0,3.0,3.0,22.0
2021-03-18,1.0,39.0,70.0,56.0,45.0,0.0,55.0,10.0,4.0,9.0,12.0,13.0,5.0,67.0,14.0,59.0,6.0,7.0,48.0,3.0,4.0,23.0
2021-03-19,1.0,30.0,81.0,56.0,9.0,0.0,48.0,10.0,1.0,13.0,12.0,10.0,5.0,60.0,19.0,70.0,10.0,9.0,33.0,4.0,12.0,26.0
2021-03-20,1.0,23.0,69.0,54.0,0.0,21.0,33.0,11.0,4.0,48.0,13.0,8.0,8.0,26.0,5.0,59.0,5.0,3.0,25.0,4.0,12.0,25.0
2021-03-21,1.0,18.0,57.0,48.0,21.0,21.0,34.0,9.0,2.0,54.0,13.0,11.0,5.0,20.0,21.0,54.0,9.0,2.0,20.0,4.0,7.0,24.0
2021-03-22,1.0,22.0,75.0,45.0,23.0,19.0,59.0,11.0,3.0,26.0,12.0,8.0,2.0,52.0,9.0,53.0,8.0,8.0,18.0,3.0,5.0,22.0
2021-03-23,1.0,21.0,75.0,53.0,28.0,0.0,61.0,14.0,0.0,34.0,12.0,7.0,5.0,40.0,9.0,54.0,17.0,7.0,20.0,4.0,5.0,22.0
2021-03-24,1.0,21.0,73.0,56.0,9.0,18.0,61.0,8.0,6.0,21.0,12.0,9.0,2.0,61.0,14.0,48.0,9.0,6.0,14.0,3.0,4.0,22.0
2021-03-25,2.0,18.0,66.0,64.0,14.0,0.0,62.0,10.0,5.0,17.0,12.0,11.0,3.0,62.0,19.0,61.0,9.0,6.0,12.0,3.0,9.0,24.0
2021-03-26,2.0,19.0,71.0,59.0,28.0,0.0,51.0,10.0,1.0,9.0,12.0,6.0,2.0,56.0,5.0,65.0,8.0,5.0,15.0,3.0,7.0,24.0
2021-03-27,2.0,15.0,56.0,57.0,21.0,22.0,35.0,9.0,2.0,40.0,12.0,7.0,2.0,29.0,11.0,46.0,12.0,4.0,12.0,3.0,4.0,24.0
2021-03-28,2.0,11.0,54.0,52.0,10.0,21.0,34.0,9.0,5.0,14.0,12.0,7.0,2.0,35.0,11.0,69.0,11.0,4.0,6.0,3.0,3.0,25.0
2021-03-29,2.0,17.0,84.0,55.0,23.0,0.0,59.0,13.0,3.0,43.0,11.0,9.0,9.0,53.0,0.0,57.0,10.0,5.0,5.0,3.0,3.0,22.0
2021-03-30,1.0,16.0,86.0,61.0,19.0,59.0,57.0,9.0,4.0,26.0,12.0,7.0,11.0,61.0,10.0,53.0,11.0,4.0,9.0,3.0,3.0,23.0
2021-03-31,2.0,14.0,72.0,69.0,18.0,18.0,60.0,8.0,2.0,9.0,12.0,8.0,5.0,61.0,23.0,46.0,19.0,9.0,10.0,3.0,4.0,22.0
2021-04-01,2.0,12.0,87.0,72.0,5.0,0.0,53.0,11.0,0.0,31.0,12.0,10.0,5.0,60.0,5.0,57.0,13.0,8.0,6.0,3.0,4.0,23.0
2021-04-02,1.0,12.0,77.0,71.0,10.0,20.0,51.0,10.0,2.0,28.0,13.0,8.0,12.0,43.0,15.0,55.0,6.0,5.0,7.0,3.0,3.0,23.0
2021-04-03,1.0,10.0,50.0,67.0,32.0,22.0,33.0,11.0,3.0,85.0,13.0,12.0,8.0,27.0,11.0,48.0,15.0,2.0,8.0,3.0,3.0,23.0
2021-04-04,1.0,7.0,46.0,53.0,22.0,47.0,31.0,11.0,5.0,57.0,13.0,6.0,2.0,25.0,6.0,54.0,6.0,2.0,5.0,3.0,4.0,24.0
2021-04-05,1.0,11.0,94.0,60.0,24.0,41.0,62.0,9.0,1.0,14.0,12.0,6.0,7.0,54.0,5.0,55.0,15.0,5.0,7.0,3.0,4.0,22.0
2021-04-06,1.0,10.0,81.0,73.0,18.0,19.0,60.0,10.0,3.0,21.0,12.0,8.0,8.0,47.0,9.0,41.0,19.0,4.0,8.0,3.0,3.0,22.0
2021-04-07,1.0,10.0,69.0,87.0,5.0,0.0,64.0,6.0,1.0,21.0,12.0,10.0,8.0,58.0,9.0,54.0,10.0,4.0,4.0,3.0,3.0,24.0
2021-04-08,1.0,8.0,79.0,93.0,50.0,19.0,62.0,6.0,2.0,21.0,12.0,8.0,10.0,46.0,19.0,47.0,7.0,5.0,4.0,2.0,5.0,22.0
2021-04-09,1.0,7.0,53.0,100.0,9.0,38.0,53.0,10.0,1.0,52.0,12.0,10.0,5.0,57.0,5.0,48.0,12.0,4.0,2.0,2.0,5.0,23.0
2021-04-10,1.0,6.0,45.0,91.0,5.0,0.0,37.0,13.0,3.0,63.0,13.0,11.0,8.0,26.0,11.0,57.0,11.0,6.0,5.0,2.0,3.0,23.0
2021-04-11,1.0,6.0,36.0,75.0,21.0,21.0,37.0,12.0,0.0,24.0,13.0,11.0,2.0,39.0,16.0,48.0,10.0,6.0,3.0,3.0,3.0,26.0
2021-04-12,1.0,6.0,59.0,74.0,14.0,19.0,62.0,13.0,1.0,17.0,12.0,8.0,7.0,48.0,14.0,54.0,14.0,2.0,4.0,2.0,3.0,27.0
2021-04-13,1.0,6.0,59.0,99.0,23.0,97.0,61.0,8.0,2.0,22.0,12.0,9.0,7.0,71.0,19.0,43.0,15.0,10.0,4.0,2.0,3.0,23.0
2021-04-14,1.0,6.0,36.0,74.0,37.0,0.0,62.0,10.0,4.0,9.0,13.0,8.0,11.0,71.0,19.0,55.0,8.0,8.0,6.0,2.0,3.0,27.0
2021-04-15,1.0,7.0,37.0,70.0,28.0,0.0,61.0,10.0,2.0,26.0,13.0,9.0,5.0,63.0,14.0,49.0,14.0,6.0,4.0,2.0,3.0,42.0
2021-04-16,1.0,7.0,38.0,61.0,14.0,19.0,55.0,11.0,5.0,26.0,13.0,8.0,3.0,56.0,10.0,56.0,15.0,6.0,3.0,2.0,3.0,27.0
2021-04-17,1.0,6.0,28.0,60.0,0.0,0.0,39.0,9.0,1.0,30.0,15.0,7.0,5.0,35.0,22.0,58.0,10.0,5.0,3.0,2.0,2.0,53.0
2021-04-18,1.0,4.0,27.0,45.0,21.0,0.0,37.0,8.0,1.0,25.0,15.0,9.0,4.0,22.0,11.0,44.0,10.0,5.0,2.0,2.0,2.0,26.0
2021-04-19,1.0,6.0,36.0,47.0,18.0,0.0,65.0,6.0,1.0,21.0,15.0,10.0,3.0,50.0,9.0,42.0,13.0,9.0,1.0,2.0,2.0,29.0
2021-04-20,1.0,6.0,23.0,54.0,27.0,38.0,61.0,6.0,3.0,13.0,15.0,7.0,8.0,42.0,19.0,46.0,12.0,2.0,2.0,2.0,3.0,30.0
2021-04-21,1.0,6.0,32.0,56.0,5.0,19.0,67.0,10.0,2.0,17.0,13.0,5.0,2.0,44.0,5.0,54.0,12.0,10.0,3.0,2.0,2.0,34.0
2021-04-22,1.0,6.0,25.0,56.0,14.0,0.0,63.0,13.0,1.0,14.0,13.0,7.0,5.0,59.0,14.0,42.0,14.0,8.0,2.0,2.0,3.0,32.0
2021-04-23,1.0,6.0,25.0,55.0,24.0,20.0,56.0,9.0,3.0,14.0,13.0,8.0,7.0,61.0,0.0,61.0,10.0,7.0,2.0,2.0,3.0,35.0
2021-04-24,1.0,5.0,19.0,53.0,16.0,0.0,37.0,7.0,1.0,35.0,15.0,7.0,8.0,34.0,11.0,51.0,6.0,5.0,2.0,2.0,3.0,31.0
2021-04-25,1.0,5.0,21.0,46.0,16.0,0.0,40.0,7.0,3.0,30.0,15.0,11.0,8.0,29.0,6.0,53.0,15.0,7.0,2.0,2.0,3.0,41.0
2021-04-26,1.0,6.0,28.0,44.0,9.0,19.0,67.0,6.0,2.0,4.0,13.0,7.0,3.0,52.0,5.0,46.0,13.0,5.0,4.0,2.0,3.0,23.0
2021-04-27,1.0,6.0,30.0,48.0,5.0,0.0,67.0,8.0,1.0,31.0,12.0,8.0,5.0,43.0,15.0,46.0,13.0,10.0,5.0,2.0,3.0,44.0
2021-04-28,1.0,6.0,29.0,53.0,23.0,19.0,65.0,8.0,4.0,9.0,13.0,8.0,3.0,47.0,24.0,46.0,13.0,7.0,5.0,2.0,5.0,22.0
2021-04-29,1.0,6.0,27.0,54.0,14.0,38.0,62.0,5.0,1.0,13.0,13.0,8.0,6.0,52.0,0.0,51.0,8.0,6.0,10.0,3.0,10.0,34.0
2021-04-30,1.0,6.0,26.0,49.0,14.0,18.0,56.0,6.0,2.0,21.0,12.0,8.0,3.0,56.0,19.0,57.0,12.0,11.0,21.0,2.0,4.0,53.0
2021-05-01,1.0,5.0,43.0,44.0,16.0,22.0,46.0,5.0,0.0,70.0,13.0,10.0,2.0,28.0,6.0,51.0,8.0,13.0,13.0,2.0,3.0,37.0
2021-05-02,1.0,4.0,26.0,38.0,11.0,45.0,47.0,5.0,2.0,40.0,14.0,11.0,2.0,26.0,11.0,45.0,18.0,6.0,1.0,2.0,3.0,27.0
2021-05-03,1.0,6.0,28.0,32.0,19.0,19.0,83.0,5.0,1.0,4.0,15.0,18.0,5.0,49.0,29.0,51.0,13.0,4.0,4.0,2.0,3.0,33.0
2021-05-04,1.0,6.0,33.0,43.0,23.0,18.0,78.0,8.0,2.0,30.0,13.0,23.0,8.0,41.0,33.0,50.0,11.0,8.0,5.0,3.0,3.0,34.0
2021-05-05,1.0,6.0,25.0,44.0,14.0,0.0,76.0,4.0,3.0,4.0,12.0,15.0,5.0,41.0,5.0,39.0,13.0,12.0,2.0,5.0,3.0,34.0
2021-05-06,1.0,6.0,29.0,42.0,9.0,19.0,75.0,6.0,2.0,17.0,12.0,13.0,5.0,50.0,24.0,52.0,14.0,8.0,2.0,3.0,3.0,29.0
2021-05-07,1.0,6.0,24.0,41.0,19.0,20.0,65.0,3.0,4.0,18.0,12.0,13.0,5.0,35.0,40.0,59.0,16.0,10.0,3.0,3.0,3.0,29.0
2021-05-08,1.0,5.0,21.0,34.0,0.0,0.0,38.0,5.0,2.0,35.0,13.0,15.0,2.0,20.0,0.0,44.0,12.0,1.0,5.0,3.0,2.0,53.0
2021-05-09,1.0,4.0,16.0,29.0,27.0,0.0,37.0,6.0,2.0,26.0,14.0,18.0,2.0,18.0,22.0,59.0,10.0,5.0,2.0,2.0,2.0,91.0
2021-05-10,1.0,6.0,28.0,29.0,14.0,0.0,68.0,2.0,4.0,9.0,13.0,14.0,12.0,45.0,15.0,41.0,15.0,4.0,1.0,3.0,3.0,44.0
2021-05-11,1.0,6.0,34.0,35.0,14.0,0.0,76.0,4.0,1.0,22.0,13.0,13.0,5.0,51.0,24.0,46.0,18.0,10.0,3.0,3.0,3.0,55.0
2021-05-12,1.0,6.0,25.0,31.0,9.0,19.0,73.0,5.0,1.0,21.0,13.0,12.0,3.0,31.0,9.0,45.0,15.0,6.0,2.0,3.0,3.0,28.0
2021-05-13,2.0,6.0,41.0,37.0,24.0,0.0,70.0,6.0,6.0,36.0,12.0,9.0,3.0,40.0,5.0,46.0,14.0,7.0,2.0,3.0,3.0,56.0
2021-05-14,1.0,6.0,54.0,41.0,15.0,0.0,63.0,3.0,4.0,32.0,13.0,12.0,4.0,43.0,20.0,54.0,9.0,4.0,5.0,3.0,3.0,24.0
2021-05-15,2.0,5.0,41.0,36.0,16.0,0.0,39.0,8.0,2.0,61.0,13.0,11.0,2.0,21.0,12.0,45.0,16.0,5.0,3.0,3.0,3.0,25.0
2021-05-16,1.0,4.0,32.0,31.0,5.0,0.0,37.0,5.0,1.0,50.0,14.0,7.0,4.0,18.0,11.0,48.0,19.0,4.0,2.0,3.0,3.0,57.0
2021-05-17,1.0,6.0,36.0,31.0,14.0,0.0,66.0,5.0,0.0,31.0,13.0,10.0,3.0,32.0,10.0,50.0,33.0,8.0,2.0,3.0,3.0,39.0
2021-05-18,1.0,6.0,42.0,34.0,5.0,19.0,70.0,4.0,3.0,14.0,12.0,8.0,5.0,35.0,5.0,41.0,18.0,4.0,3.0,3.0,3.0,24.0
2021-05-19,1.0,4.0,37.0,36.0,14.0,19.0,67.0,4.0,1.0,17.0,13.0,10.0,5.0,36.0,19.0,44.0,14.0,3.0,3.0,3.0,3.0,54.0
2021-05-20,1.0,4.0,29.0,33.0,19.0,0.0,75.0,5.0,1.0,26.0,13.0,7.0,3.0,38.0,20.0,50.0,13.0,5.0,2.0,3.0,3.0,25.0
2021-05-21,1.0,3.0,29.0,31.0,14.0,0.0,61.0,3.0,2.0,31.0,13.0,7.0,5.0,31.0,15.0,55.0,17.0,7.0,1.0,3.0,3.0,24.0
2021-05-22,1.0,3.0,25.0,30.0,16.0,46.0,38.0,6.0,1.0,56.0,14.0,8.0,8.0,12.0,17.0,44.0,14.0,2.0,1.0,3.0,2.0,48.0
2021-05-23,1.0,3.0,17.0,27.0,0.0,0.0,39.0,6.0,1.0,20.0,14.0,9.0,9.0,10.0,11.0,56.0,11.0,5.0,1.0,2.0,2.0,66.0
2021-05-24,1.0,4.0,23.0,29.0,5.0,0.0,62.0,6.0,2.0,27.0,13.0,7.0,6.0,29.0,10.0,45.0,20.0,3.0,2.0,2.0,2.0,34.0
2021-05-25,1.0,4.0,30.0,30.0,15.0,20.0,66.0,5.0,4.0,19.0,15.0,9.0,2.0,32.0,10.0,52.0,16.0,5.0,3.0,3.0,2.0,34.0
2021-05-26,1.0,4.0,21.0,28.0,0.0,20.0,67.0,5.0,2.0,4.0,14.0,12.0,3.0,30.0,5.0,45.0,9.0,9.0,1.0,3.0,2.0,39.0
2021-05-27,1.0,5.0,21.0,25.0,9.0,0.0,63.0,1.0,0.0,4.0,13.0,11.0,5.0,25.0,10.0,51.0,12.0,7.0,2.0,2.0,2.0,37.0
2021-05-28,1.0,4.0,22.0,24.0,14.0,0.0,54.0,2.0,4.0,27.0,13.0,7.0,3.0,18.0,10.0,50.0,16.0,2.0,3.0,2.0,2.0,23.0
2021-05-29,1.0,3.0,18.0,22.0,11.0,22.0,34.0,3.0,2.0,40.0,14.0,9.0,3.0,15.0,11.0,57.0,7.0,4.0,3.0,2.0,2.0,45.0
2021-05-30,1.0,3.0,15.0,18.0,27.0,0.0,34.0,2.0,2.0,51.0,14.0,10.0,5.0,13.0,0.0,50.0,17.0,5.0,2.0,3.0,3.0,28.0
2021-05-31,1.0,3.0,17.0,15.0,5.0,45.0,42.0,2.0,6.0,81.0,15.0,9.0,1.0,11.0,11.0,53.0,12.0,5.0,2.0,3.0,3.0,34.0
2021-06-01,1.0,4.0,20.0,16.0,5.0,0.0,65.0,5.0,5.0,27.0,14.0,5.0,6.0,23.0,5.0,47.0,21.0,4.0,1.0,3.0,2.0,33.0
2021-06-02,1.0,4.0,19.0,21.0,18.0,19.0,63.0,4.0,2.0,22.0,14.0,5.0,5.0,22.0,0.0,44.0,12.0,4.0,3.0,3.0,3.0,51.0
2021-06-03,1.0,4.0,17.0,23.0,28.0,0.0,62.0,2.0,1.0,22.0,14.0,7.0,4.0,23.0,15.0,56.0,19.0,5.0,3.0,3.0,3.0,29.0
2021-06-04,1.0,3.0,21.0,22.0,20.0,20.0,53.0,3.0,3.0,27.0,15.0,7.0,3.0,15.0,15.0,58.0,12.0,5.0,1.0,3.0,2.0,24.0
2021-06-05,1.0,3.0,23.0,21.0,5.0,0.0,35.0,3.0,1.0,61.0,18.0,7.0,3.0,9.0,6.0,65.0,16.0,18.0,1.0,4.0,2.0,48.0
2021-06-06,1.0,3.0,16.0,17.0,5.0,22.0,37.0,4.0,2.0,25.0,17.0,7.0,5.0,8.0,0.0,44.0,10.0,11.0,0.0,6.0,1.0,27.0
2021-06-07,1.0,3.0,25.0,18.0,23.0,19.0,58.0,1.0,1.0,22.0,17.0,16.0,1.0,11.0,15.0,47.0,14.0,8.0,1.0,4.0,2.0,31.0
2021-06-08,1.0,4.0,27.0,19.0,0.0,0.0,59.0,1.0,3.0,9.0,17.0,13.0,1.0,19.0,15.0,52.0,15.0,10.0,0.0,3.0,2.0,24.0
2021-06-09,1.0,3.0,23.0,21.0,14.0,20.0,59.0,1.0,1.0,22.0,16.0,10.0,6.0,29.0,0.0,59.0,17.0,7.0,2.0,3.0,3.0,39.0
2021-06-10,1.0,4.0,17.0,24.0,5.0,20.0,58.0,2.0,3.0,36.0,15.0,9.0,2.0,21.0,15.0,54.0,17.0,5.0,1.0,3.0,3.0,24.0
2021-06-11,1.0,4.0,19.0,24.0,5.0,20.0,53.0,2.0,1.0,9.0,16.0,10.0,6.0,18.0,15.0,60.0,16.0,3.0,1.0,3.0,3.0,22.0
2021-06-12,1.0,3.0,13.0,20.0,11.0,0.0,31.0,3.0,1.0,60.0,29.0,8.0,3.0,10.0,0.0,57.0,8.0,5.0,1.0,3.0,2.0,52.0
2021-06-13,1.0,3.0,11.0,19.0,5.0,43.0,35.0,4.0,4.0,44.0,36.0,10.0,5.0,8.0,5.0,64.0,13.0,3.0,2.0,3.0,2.0,26.0
2021-06-14,1.0,3.0,13.0,18.0,14.0,0.0,57.0,1.0,3.0,27.0,15.0,6.0,11.0,19.0,10.0,54.0,12.0,5.0,1.0,3.0,3.0,32.0
2021-06-15,1.0,3.0,20.0,19.0,19.0,20.0,54.0,4.0,7.0,22.0,14.0,13.0,7.0,18.0,0.0,50.0,15.0,3.0,2.0,3.0,3.0,27.0
2021-06-16,1.0,3.0,24.0,20.0,5.0,0.0,57.0,2.0,3.0,18.0,13.0,16.0,5.0,15.0,5.0,55.0,21.0,5.0,1.0,3.0,3.0,46.0
2021-06-17,1.0,3.0,22.0,18.0,10.0,0.0,52.0,1.0,2.0,23.0,15.0,9.0,6.0,11.0,5.0,57.0,14.0,8.0,1.0,3.0,4.0,26.0
2021-06-18,1.0,3.0,16.0,18.0,10.0,0.0,47.0,2.0,6.0,46.0,14.0,11.0,5.0,14.0,5.0,68.0,8.0,5.0,1.0,3.0,3.0,22.0
2021-06-19,1.0,3.0,15.0,15.0,5.0,0.0,32.0,2.0,2.0,71.0,15.0,9.0,4.0,8.0,17.0,51.0,12.0,2.0,2.0,2.0,3.0,46.0
2021-06-20,1.0,2.0,8.0,14.0,16.0,23.0,29.0,1.0,1.0,36.0,15.0,13.0,13.0,11.0,0.0,62.0,14.0,3.0,2.0,2.0,3.0,28.0
2021-06-21,1.0,3.0,16.0,13.0,5.0,20.0,53.0,0.0,5.0,18.0,14.0,11.0,6.0,13.0,15.0,54.0,17.0,3.0,0.0,2.0,2.0,29.0
2021-06-22,1.0,3.0,16.0,16.0,24.0,0.0,57.0,4.0,1.0,27.0,15.0,13.0,10.0,13.0,0.0,52.0,19.0,5.0,2.0,2.0,2.0,25.0
2021-06-23,1.0,3.0,17.0,19.0,14.0,40.0,59.0,2.0,5.0,18.0,14.0,9.0,5.0,14.0,5.0,52.0,17.0,5.0,1.0,2.0,2.0,40.0
2021-06-24,1.0,3.0,15.0,19.0,5.0,20.0,56.0,1.0,3.0,19.0,14.0,9.0,2.0,14.0,10.0,52.0,12.0,10.0,0.0,2.0,3.0,24.0
2021-06-25,1.0,3.0,13.0,17.0,10.0,0.0,45.0,3.0,1.0,14.0,16.0,10.0,3.0,15.0,10.0,62.0,22.0,5.0,1.0,3.0,3.0,21.0
2021-06-26,1.0,2.0,16.0,15.0,5.0,23.0,32.0,2.0,2.0,56.0,15.0,10.0,5.0,13.0,11.0,67.0,11.0,4.0,2.0,4.0,3.0,44.0
2021-06-27,1.0,3.0,11.0,13.0,6.0,23.0,34.0,2.0,5.0,15.0,15.0,9.0,9.0,9.0,11.0,57.0,19.0,0.0,1.0,4.0,2.0,57.0
2021-06-28,1.0,3.0,16.0,13.0,29.0,41.0,54.0,6.0,2.0,27.0,14.0,9.0,8.0,18.0,5.0,54.0,10.0,5.0,1.0,3.0,2.0,21.0
2021-06-29,1.0,3.0,14.0,16.0,10.0,61.0,55.0,3.0,0.0,27.0,14.0,8.0,7.0,19.0,10.0,59.0,22.0,2.0,2.0,3.0,2.0,20.0
2021-06-30,1.0,3.0,14.0,15.0,9.0,0.0,60.0,2.0,2.0,18.0,13.0,7.0,13.0,14.0,0.0,46.0,18.0,5.0,2.0,3.0,2.0,29.0
2021-07-01,1.0,3.0,13.0,14.0,18.0,19.0,53.0,4.0,6.0,13.0,14.0,6.0,8.0,17.0,0.0,55.0,12.0,2.0,4.0,4.0,2.0,34.0
2021-07-02,1.0,3.0,14.0,15.0,15.0,20.0,44.0,1.0,5.0,32.0,14.0,9.0,10.0,9.0,0.0,57.0,10.0,3.0,2.0,3.0,2.0,23.0
2021-07-03,1.0,3.0,14.0,13.0,0.0,45.0,30.0,2.0,2.0,70.0,15.0,11.0,3.0,10.0,0.0,59.0,13.0,2.0,0.0,3.0,2.0,47.0
2021-07-04,1.0,2.0,12.0,11.0,23.0,0.0,30.0,4.0,4.0,70.0,14.0,12.0,4.0,4.0,6.0,48.0,16.0,3.0,2.0,4.0,3.0,31.0
2021-07-05,1.0,3.0,18.0,10.0,11.0,0.0,37.0,6.0,7.0,47.0,15.0,16.0,4.0,5.0,0.0,57.0,17.0,7.0,1.0,3.0,2.0,31.0
2021-07-06,1.0,3.0,27.0,14.0,5.0,0.0,54.0,4.0,18.0,27.0,29.0,18.0,6.0,8.0,0.0,57.0,16.0,4.0,1.0,3.0,2.0,26.0
2021-07-07,1.0,3.0,17.0,14.0,14.0,58.0,54.0,3.0,16.0,13.0,16.0,19.0,3.0,14.0,0.0,49.0,19.0,6.0,1.0,3.0,2.0,38.0
2021-07-08,1.0,3.0,20.0,15.0,29.0,20.0,53.0,5.0,19.0,31.0,15.0,11.0,7.0,14.0,0.0,55.0,20.0,6.0,0.0,3.0,2.0,24.0
2021-07-09,1.0,3.0,18.0,16.0,5.0,0.0,45.0,2.0,14.0,23.0,15.0,11.0,7.0,16.0,0.0,58.0,11.0,3.0,1.0,3.0,3.0,21.0
2021-07-10,1.0,3.0,17.0,15.0,11.0,22.0,32.0,6.0,17.0,46.0,15.0,17.0,9.0,11.0,0.0,53.0,16.0,4.0,2.0,3.0,3.0,40.0
2021-07-11,1.0,3.0,16.0,14.0,5.0,22.0,32.0,8.0,9.0,55.0,15.0,31.0,8.0,13.0,5.0,48.0,25.0,3.0,2.0,4.0,2.0,27.0
2021-07-12,1.0,3.0,19.0,17.0,14.0,0.0,60.0,7.0,6.0,36.0,14.0,18.0,3.0,15.0,10.0,59.0,24.0,2.0,1.0,3.0,2.0,29.0
2021-07-13,1.0,4.0,17.0,22.0,14.0,0.0,59.0,4.0,4.0,14.0,15.0,12.0,9.0,12.0,5.0,52.0,15.0,7.0,0.0,3.0,2.0,24.0
2021-07-14,1.0,5.0,25.0,19.0,9.0,0.0,55.0,5.0,10.0,27.0,14.0,10.0,8.0,19.0,0.0,58.0,20.0,4.0,2.0,3.0,2.0,36.0
2021-07-15,1.0,6.0,17.0,19.0,10.0,20.0,53.0,4.0,7.0,27.0,13.0,11.0,3.0,20.0,5.0,59.0,10.0,1.0,1.0,3.0,2.0,24.0
2021-07-16,1.0,5.0,21.0,17.0,29.0,0.0,45.0,9.0,10.0,23.0,13.0,13.0,6.0,15.0,5.0,60.0,15.0,9.0,3.0,3.0,2.0,22.0
2021-07-17,1.0,3.0,15.0,17.0,27.0,0.0,31.0,4.0,13.0,40.0,14.0,14.0,6.0,12.0,17.0,58.0,16.0,4.0,0.0,3.0,2.0,42.0
2021-07-18,1.0,3.0,13.0,14.0,27.0,22.0,34.0,8.0,13.0,25.0,14.0,17.0,13.0,16.0,17.0,55.0,16.0,3.0,2.0,3.0,1.0,28.0
2021-07-19,1.0,3.0,25.0,16.0,5.0,0.0,57.0,8.0,17.0,27.0,13.0,21.0,11.0,13.0,0.0,47.0,15.0,4.0,1.0,2.0,2.0,31.0
2021-07-20,1.0,3.0,27.0,20.0,0.0,0.0,55.0,6.0,2.0,18.0,13.0,100.0,6.0,21.0,10.0,54.0,14.0,2.0,1.0,3.0,2.0,26.0
2021-07-21,1.0,3.0,17.0,16.0,24.0,20.0,60.0,9.0,15.0,22.0,13.0,64.0,7.0,15.0,5.0,50.0,15.0,2.0,1.0,3.0,2.0,48.0
2021-07-22,1.0,3.0,32.0,22.0,10.0,0.0,54.0,10.0,48.0,39.0,13.0,35.0,17.0,15.0,0.0,47.0,13.0,3.0,1.0,2.0,3.0,30.0
2021-07-23,1.0,3.0,29.0,23.0,28.0,0.0,41.0,8.0,22.0,37.0,13.0,32.0,17.0,17.0,6.0,42.0,16.0,8.0,0.0,2.0,3.0,24.0
2021-07-24,1.0,3.0,22.0,19.0,16.0,0.0,29.0,9.0,11.0,51.0,14.0,23.0,15.0,11.0,17.0,61.0,11.0,1.0,0.0,3.0,2.0,47.0
2021-07-25,1.0,2.0,21.0,19.0,27.0,0.0,33.0,10.0,7.0,51.0,14.0,21.0,12.0,20.0,5.0,51.0,11.0,6.0,0.0,3.0,2.0,34.0
2021-07-26,1.0,3.0,28.0,21.0,43.0,0.0,56.0,10.0,6.0,14.0,14.0,20.0,18.0,19.0,5.0,51.0,17.0,4.0,1.0,2.0,3.0,36.0
2021-07-27,1.0,3.0,27.0,24.0,24.0,20.0,64.0,14.0,6.0,27.0,13.0,21.0,10.0,21.0,15.0,43.0,17.0,3.0,1.0,3.0,3.0,39.0
2021-07-28,1.0,3.0,39.0,23.0,24.0,20.0,74.0,11.0,6.0,36.0,13.0,16.0,18.0,26.0,20.0,53.0,19.0,5.0,1.0,2.0,3.0,47.0
2021-07-29,1.0,3.0,32.0,25.0,38.0,0.0,59.0,15.0,0.0,22.0,14.0,16.0,11.0,21.0,0.0,55.0,19.0,4.0,1.0,2.0,3.0,43.0
2021-07-30,1.0,2.0,31.0,23.0,24.0,0.0,54.0,17.0,4.0,13.0,12.0,15.0,18.0,15.0,24.0,55.0,12.0,3.0,1.0,2.0,3.0,23.0
2021-07-31,1.0,2.0,27.0,23.0,53.0,44.0,37.0,15.0,4.0,64.0,13.0,15.0,15.0,19.0,11.0,58.0,16.0,3.0,1.0,3.0,2.0,49.0
2021-08-01,1.0,2.0,22.0,20.0,42.0,22.0,37.0,16.0,7.0,45.0,13.0,13.0,8.0,21.0,5.0,47.0,12.0,2.0,1.0,2.0,2.0,31.0
2021-08-02,1.0,2.0,37.0,22.0,33.0,0.0,58.0,12.0,4.0,27.0,12.0,11.0,19.0,32.0,15.0,51.0,24.0,3.0,0.0,2.0,1.0,34.0
2021-08-03,1.0,3.0,32.0,26.0,19.0,20.0,57.0,18.0,7.0,40.0,13.0,14.0,17.0,28.0,20.0,51.0,10.0,9.0,1.0,2.0,2.0,28.0
2021-08-04,1.0,3.0,45.0,27.0,29.0,20.0,63.0,15.0,3.0,9.0,13.0,13.0,14.0,32.0,15.0,59.0,17.0,5.0,1.0,2.0,2.0,46.0
2021-08-05,1.0,3.0,46.0,28.0,34.0,20.0,56.0,25.0,1.0,32.0,13.0,11.0,12.0,38.0,20.0,55.0,11.0,5.0,0.0,3.0,3.0,30.0
2021-08-06,1.0,2.0,37.0,26.0,20.0,0.0,45.0,19.0,3.0,42.0,13.0,16.0,18.0,29.0,15.0,56.0,16.0,3.0,2.0,3.0,3.0,24.0
2021-08-07,1.0,2.0,28.0,25.0,22.0,0.0,32.0,18.0,6.0,41.0,14.0,15.0,22.0,28.0,5.0,50.0,11.0,2.0,1.0,3.0,3.0,50.0
2021-08-08,1.0,2.0,38.0,22.0,54.0,0.0,31.0,26.0,0.0,41.0,14.0,14.0,17.0,25.0,17.0,49.0,17.0,6.0,1.0,3.0,2.0,30.0
2021-08-09,1.0,3.0,29.0,23.0,43.0,0.0,57.0,17.0,0.0,31.0,13.0,13.0,33.0,36.0,20.0,54.0,10.0,3.0,1.0,3.0,2.0,31.0
2021-08-10,1.0,3.0,39.0,28.0,15.0,0.0,57.0,23.0,6.0,51.0,13.0,11.0,55.0,29.0,20.0,40.0,16.0,9.0,0.0,3.0,2.0,28.0
2021-08-11,1.0,3.0,35.0,29.0,47.0,0.0,59.0,26.0,6.0,13.0,13.0,9.0,36.0,33.0,34.0,47.0,15.0,7.0,2.0,3.0,2.0,42.0
2021-08-12,1.0,3.0,30.0,27.0,68.0,0.0,53.0,24.0,2.0,32.0,12.0,10.0,42.0,31.0,10.0,47.0,20.0,5.0,1.0,3.0,3.0,24.0
2021-08-13,1.0,3.0,30.0,27.0,30.0,0.0,46.0,12.0,2.0,23.0,13.0,10.0,33.0,32.0,26.0,55.0,12.0,0.0,2.0,3.0,3.0,23.0
2021-08-14,1.0,2.0,30.0,28.0,43.0,45.0,32.0,19.0,1.0,36.0,14.0,11.0,36.0,31.0,11.0,47.0,12.0,6.0,0.0,3.0,3.0,54.0
2021-08-15,1.0,2.0,21.0,23.0,38.0,0.0,31.0,24.0,2.0,36.0,14.0,10.0,28.0,28.0,22.0,50.0,18.0,5.0,0.0,3.0,3.0,28.0
2021-08-16,1.0,3.0,39.0,23.0,54.0,20.0,54.0,18.0,10.0,9.0,12.0,6.0,49.0,18.0,5.0,42.0,12.0,1.0,1.0,4.0,10.0,34.0
2021-08-17,1.0,2.0,37.0,25.0,29.0,20.0,57.0,18.0,5.0,22.0,13.0,9.0,43.0,31.0,15.0,53.0,22.0,5.0,2.0,4.0,7.0,30.0
2021-08-18,1.0,2.0,43.0,28.0,62.0,0.0,59.0,16.0,2.0,31.0,12.0,8.0,45.0,33.0,15.0,50.0,14.0,3.0,1.0,3.0,5.0,52.0
2021-08-19,1.0,2.0,31.0,27.0,52.0,59.0,54.0,17.0,1.0,18.0,12.0,8.0,51.0,29.0,29.0,55.0,11.0,6.0,1.0,3.0,5.0,28.0
2021-08-20,1.0,2.0,29.0,30.0,38.0,0.0,54.0,21.0,2.0,41.0,12.0,9.0,39.0,37.0,20.0,54.0,14.0,2.0,1.0,3.0,6.0,23.0
2021-08-21,1.0,2.0,26.0,27.0,58.0,0.0,29.0,24.0,4.0,45.0,14.0,10.0,56.0,36.0,11.0,55.0,14.0,4.0,0.0,4.0,4.0,51.0
2021-08-22,1.0,2.0,27.0,24.0,53.0,0.0,31.0,23.0,1.0,36.0,14.0,10.0,49.0,30.0,5.0,47.0,18.0,6.0,0.0,5.0,4.0,27.0
2021-08-23,1.0,2.0,40.0,30.0,92.0,0.0,58.0,21.0,3.0,5.0,12.0,9.0,55.0,38.0,15.0,45.0,20.0,5.0,0.0,3.0,3.0,28.0
2021-08-24,1.0,2.0,32.0,32.0,31.0,43.0,60.0,27.0,7.0,5.0,12.0,10.0,72.0,42.0,5.0,48.0,12.0,2.0,0.0,3.0,4.0,22.0
2021-08-25,2.0,2.0,32.0,29.0,38.0,20.0,59.0,24.0,2.0,22.0,12.0,10.0,62.0,36.0,20.0,50.0,8.0,4.0,0.0,3.0,3.0,45.0
2021-08-26,1.0,3.0,32.0,29.0,59.0,20.0,57.0,27.0,2.0,37.0,12.0,8.0,77.0,40.0,15.0,57.0,16.0,12.0,0.0,4.0,8.0,24.0
2021-08-27,1.0,3.0,29.0,27.0,58.0,41.0,50.0,19.0,3.0,23.0,12.0,8.0,67.0,28.0,15.0,58.0,11.0,4.0,1.0,4.0,9.0,21.0
2021-08-28,1.0,3.0,21.0,25.0,80.0,45.0,32.0,18.0,5.0,46.0,14.0,12.0,55.0,25.0,22.0,50.0,4.0,3.0,1.0,3.0,5.0,54.0
2021-08-29,1.0,2.0,25.0,21.0,79.0,0.0,34.0,15.0,0.0,40.0,13.0,12.0,48.0,22.0,16.0,52.0,15.0,2.0,0.0,3.0,5.0,24.0
2021-08-30,1.0,2.0,29.0,23.0,42.0,20.0,59.0,19.0,4.0,18.0,11.0,10.0,67.0,21.0,10.0,45.0,18.0,3.0,0.0,3.0,5.0,33.0
2021-08-31,1.0,2.0,33.0,23.0,53.0,0.0,62.0,19.0,5.0,23.0,12.0,10.0,83.0,24.0,10.0,50.0,14.0,5.0,2.0,3.0,9.0,24.0
2021-09-01,1.0,2.0,32.0,24.0,52.0,20.0,60.0,15.0,2.0,9.0,12.0,8.0,40.0,32.0,10.0,48.0,12.0,6.0,1.0,3.0,7.0,52.0
2021-09-02,1.0,2.0,23.0,23.0,20.0,42.0,58.0,18.0,2.0,28.0,12.0,6.0,100.0,27.0,0.0,61.0,24.0,11.0,0.0,2.0,4.0,24.0
2021-09-03,1.0,2.0,26.0,20.0,72.0,0.0,54.0,20.0,2.0,44.0,12.0,9.0,90.0,22.0,11.0,53.0,13.0,4.0,0.0,2.0,3.0,22.0
2021-09-04,1.0,2.0,24.0,22.0,59.0,0.0,37.0,20.0,0.0,39.0,14.0,11.0,95.0,19.0,12.0,41.0,12.0,2.0,0.0,2.0,3.0,53.0
2021-09-05,1.0,1.0,15.0,17.0,64.0,0.0,36.0,24.0,5.0,77.0,14.0,9.0,70.0,22.0,6.0,50.0,13.0,3.0,1.0,3.0,3.0,27.0
2021-09-06,1.0,2.0,15.0,15.0,44.0,0.0,37.0,27.0,6.0,41.0,14.0,8.0,73.0,18.0,0.0,43.0,14.0,1.0,1.0,2.0,3.0,35.0
2021-09-07,1.0,2.0,23.0,16.0,30.0,0.0,62.0,17.0,2.0,23.0,12.0,7.0,69.0,28.0,21.0,45.0,18.0,7.0,1.0,2.0,3.0,24.0
2021-09-08,1.0,2.0,25.0,20.0,29.0,0.0,68.0,24.0,5.0,5.0,11.0,8.0,72.0,36.0,10.0,50.0,17.0,10.0,0.0,2.0,3.0,54.0
2021-09-09,1.0,2.0,26.0,22.0,25.0,0.0,66.0,16.0,1.0,10.0,12.0,9.0,70.0,27.0,5.0,53.0,12.0,10.0,1.0,3.0,10.0,24.0
2021-09-10,1.0,2.0,29.0,25.0,20.0,43.0,63.0,18.0,5.0,24.0,12.0,10.0,54.0,38.0,22.0,53.0,15.0,10.0,0.0,3.0,12.0,22.0
2021-09-11,1.0,1.0,23.0,22.0,45.0,0.0,33.0,12.0,4.0,11.0,13.0,7.0,33.0,19.0,6.0,48.0,18.0,5.0,0.0,4.0,5.0,58.0
2021-09-12,1.0,1.0,15.0,17.0,55.0,23.0,40.0,21.0,5.0,26.0,14.0,7.0,36.0,21.0,17.0,50.0,16.0,3.0,0.0,4.0,4.0,26.0
2021-09-13,1.0,2.0,28.0,21.0,25.0,63.0,68.0,18.0,2.0,10.0,12.0,9.0,47.0,39.0,10.0,45.0,14.0,6.0,1.0,3.0,5.0,32.0
2021-09-14,1.0,2.0,22.0,23.0,25.0,41.0,66.0,18.0,1.0,23.0,12.0,11.0,43.0,36.0,5.0,45.0,20.0,5.0,0.0,3.0,4.0,24.0
2021-09-15,1.0,2.0,26.0,21.0,25.0,20.0,69.0,19.0,3.0,14.0,12.0,10.0,34.0,35.0,5.0,46.0,19.0,8.0,1.0,3.0,3.0,58.0
2021-09-16,1.0,2.0,24.0,21.0,60.0,41.0,66.0,18.0,7.0,28.0,15.0,12.0,37.0,27.0,10.0,48.0,12.0,6.0,0.0,2.0,3.0,27.0
2021-09-17,1.0,3.0,20.0,20.0,26.0,0.0,62.0,11.0,3.0,29.0,13.0,10.0,59.0,39.0,21.0,56.0,18.0,7.0,3.0,2.0,3.0,23.0
2021-09-18,1.0,2.0,12.0,17.0,51.0,0.0,35.0,14.0,2.0,48.0,16.0,9.0,44.0,20.0,12.0,60.0,10.0,4.0,0.0,2.0,3.0,50.0
2021-09-19,1.0,2.0,19.0,16.0,28.0,23.0,39.0,21.0,4.0,26.0,15.0,11.0,28.0,28.0,12.0,58.0,10.0,5.0,0.0,2.0,3.0,30.0
2021-09-20,1.0,2.0,22.0,19.0,15.0,20.0,66.0,14.0,5.0,14.0,12.0,9.0,30.0,35.0,20.0,53.0,18.0,5.0,0.0,2.0,3.0,38.0
2021-09-21,1.0,2.0,17.0,19.0,45.0,21.0,75.0,15.0,5.0,38.0,12.0,12.0,39.0,29.0,5.0,54.0,14.0,12.0,1.0,2.0,3.0,35.0
2021-09-22,2.0,2.0,16.0,19.0,39.0,20.0,72.0,14.0,0.0,32.0,12.0,9.0,40.0,33.0,10.0,51.0,16.0,14.0,1.0,2.0,3.0,43.0
2021-09-23,2.0,2.0,18.0,18.0,25.0,20.0,64.0,11.0,5.0,42.0,12.0,8.0,27.0,26.0,15.0,47.0,17.0,9.0,1.0,2.0,3.0,36.0
2021-09-24,2.0,2.0,16.0,17.0,46.0,22.0,60.0,12.0,1.0,39.0,12.0,10.0,27.0,33.0,0.0,65.0,14.0,3.0,0.0,2.0,3.0,26.0
2021-09-25,2.0,1.0,20.0,17.0,34.0,24.0,36.0,12.0,2.0,37.0,14.0,9.0,25.0,19.0,24.0,39.0,10.0,4.0,1.0,3.0,2.0,23.0
2021-09-26,2.0,1.0,15.0,12.0,28.0,46.0,40.0,9.0,6.0,26.0,14.0,8.0,7.0,15.0,29.0,48.0,6.0,5.0,0.0,3.0,2.0,22.0
2021-09-27,2.0,2.0,18.0,15.0,19.0,20.0,74.0,14.0,1.0,32.0,13.0,9.0,24.0,35.0,0.0,46.0,17.0,5.0,2.0,2.0,3.0,22.0
2021-09-28,2.0,2.0,18.0,18.0,35.0,20.0,76.0,14.0,0.0,32.0,12.0,9.0,24.0,26.0,15.0,50.0,18.0,11.0,0.0,2.0,3.0,30.0
2021-09-29,2.0,2.0,21.0,18.0,34.0,0.0,70.0,10.0,3.0,19.0,12.0,11.0,22.0,23.0,10.0,42.0,15.0,8.0,0.0,2.0,3.0,56.0
2021-09-30,1.0,2.0,23.0,18.0,15.0,0.0,69.0,12.0,3.0,5.0,12.0,9.0,19.0,33.0,42.0,53.0,20.0,8.0,0.0,2.0,3.0,22.0
2021-10-01,1.0,2.0,17.0,17.0,66.0,43.0,60.0,7.0,3.0,48.0,13.0,12.0,22.0,28.0,0.0,58.0,15.0,4.0,0.0,2.0,3.0,23.0
2021-10-02,1.0,1.0,11.0,16.0,44.0,23.0,36.0,13.0,2.0,57.0,15.0,10.0,25.0,26.0,6.0,53.0,11.0,2.0,1.0,2.0,2.0,22.0
2021-10-03,1.0,1.0,12.0,13.0,16.0,0.0,37.0,12.0,2.0,45.0,14.0,8.0,15.0,18.0,0.0,48.0,19.0,6.0,1.0,2.0,3.0,22.0
2021-10-04,1.0,2.0,18.0,14.0,24.0,0.0,69.0,12.0,2.0,32.0,13.0,12.0,17.0,29.0,5.0,44.0,12.0,13.0,0.0,2.0,3.0,22.0
2021-10-05,1.0,2.0,13.0,15.0,30.0,62.0,69.0,13.0,0.0,5.0,12.0,14.0,33.0,27.0,5.0,44.0,16.0,4.0,1.0,2.0,3.0,23.0
2021-10-06,1.0,2.0,16.0,17.0,34.0,0.0,78.0,11.0,3.0,32.0,12.0,12.0,18.0,26.0,15.0,48.0,22.0,10.0,2.0,2.0,3.0,22.0
2021-10-07,1.0,2.0,18.0,17.0,25.0,21.0,71.0,12.0,0.0,15.0,13.0,11.0,35.0,36.0,16.0,50.0,15.0,5.0,0.0,2.0,3.0,52.0
2021-10-08,1.0,2.0,18.0,17.0,16.0,22.0,66.0,13.0,2.0,44.0,12.0,12.0,14.0,26.0,16.0,53.0,17.0,15.0,1.0,2.0,3.0,31.0
2021-10-09,2.0,1.0,14.0,15.0,40.0,24.0,41.0,11.0,0.0,53.0,14.0,9.0,15.0,24.0,23.0,42.0,14.0,5.0,0.0,3.0,3.0,59.0
2021-10-10,1.0,1.0,5.0,11.0,39.0,0.0,83.0,12.0,0.0,57.0,14.0,10.0,15.0,21.0,0.0,57.0,16.0,3.0,1.0,3.0,2.0,34.0
2021-10-11,1.0,2.0,15.0,13.0,20.0,21.0,91.0,9.0,1.0,38.0,12.0,10.0,13.0,36.0,5.0,45.0,14.0,3.0,0.0,2.0,2.0,47.0
2021-10-12,1.0,2.0,17.0,14.0,15.0,0.0,79.0,11.0,3.0,19.0,12.0,14.0,18.0,33.0,5.0,46.0,9.0,8.0,0.0,2.0,3.0,28.0
2021-10-13,2.0,2.0,14.0,16.0,6.0,22.0,73.0,11.0,8.0,15.0,12.0,19.0,20.0,27.0,11.0,55.0,17.0,7.0,1.0,2.0,3.0,52.0
2021-10-14,1.0,2.0,19.0,15.0,30.0,21.0,69.0,14.0,1.0,5.0,12.0,13.0,23.0,44.0,0.0,46.0,10.0,9.0,0.0,2.0,3.0,32.0
2021-10-15,2.0,2.0,16.0,16.0,36.0,43.0,64.0,10.0,3.0,19.0,13.0,11.0,26.0,21.0,10.0,58.0,7.0,8.0,1.0,2.0,3.0,24.0
2021-10-16,2.0,1.0,14.0,13.0,17.0,0.0,37.0,8.0,5.0,27.0,14.0,8.0,23.0,15.0,6.0,59.0,13.0,3.0,2.0,2.0,2.0,50.0
2021-10-17,1.0,1.0,10.0,11.0,39.0,24.0,39.0,10.0,6.0,58.0,14.0,14.0,20.0,17.0,0.0,58.0,9.0,4.0,0.0,2.0,2.0,42.0
2021-10-18,1.0,1.0,15.0,14.0,20.0,0.0,68.0,8.0,3.0,37.0,12.0,9.0,17.0,35.0,5.0,50.0,9.0,5.0,1.0,2.0,2.0,25.0
2021-10-19,1.0,1.0,18.0,14.0,20.0,43.0,70.0,7.0,3.0,29.0,12.0,9.0,22.0,40.0,11.0,47.0,20.0,8.0,0.0,3.0,3.0,24.0
2021-10-20,1.0,1.0,15.0,13.0,15.0,21.0,76.0,10.0,1.0,23.0,12.0,12.0,22.0,35.0,5.0,52.0,20.0,5.0,1.0,3.0,3.0,54.0
2021-10-21,1.0,1.0,12.0,13.0,10.0,0.0,69.0,12.0,7.0,23.0,12.0,8.0,17.0,37.0,10.0,49.0,10.0,5.0,2.0,3.0,3.0,34.0
2021-10-22,1.0,1.0,21.0,13.0,20.0,0.0,61.0,10.0,0.0,38.0,12.0,8.0,22.0,36.0,21.0,58.0,12.0,1.0,1.0,4.0,3.0,24.0
2021-10-23,1.0,1.0,17.0,13.0,29.0,0.0,38.0,9.0,4.0,53.0,14.0,9.0,14.0,18.0,6.0,55.0,8.0,0.0,0.0,3.0,3.0,26.0
2021-10-24,1.0,1.0,12.0,12.0,11.0,23.0,43.0,11.0,2.0,31.0,14.0,9.0,8.0,24.0,6.0,56.0,10.0,6.0,0.0,2.0,3.0,38.0
2021-10-25,1.0,1.0,20.0,12.0,0.0,21.0,66.0,7.0,0.0,10.0,12.0,13.0,12.0,37.0,5.0,45.0,11.0,8.0,0.0,3.0,3.0,22.0
2021-10-26,1.0,1.0,24.0,15.0,29.0,0.0,68.0,12.0,1.0,14.0,14.0,20.0,21.0,36.0,5.0,50.0,22.0,5.0,0.0,3.0,3.0,25.0
2021-10-27,2.0,1.0,14.0,14.0,5.0,41.0,73.0,12.0,6.0,14.0,12.0,16.0,11.0,42.0,5.0,40.0,20.0,6.0,0.0,2.0,3.0,31.0
2021-10-28,1.0,1.0,19.0,13.0,15.0,62.0,69.0,5.0,5.0,15.0,12.0,13.0,19.0,39.0,10.0,54.0,11.0,7.0,1.0,2.0,3.0,50.0
2021-10-29,1.0,1.0,16.0,13.0,15.0,63.0,60.0,7.0,3.0,10.0,12.0,11.0,19.0,20.0,10.0,58.0,15.0,6.0,0.0,2.0,4.0,22.0
2021-10-30,1.0,1.0,10.0,12.0,28.0,0.0,37.0,10.0,4.0,41.0,15.0,9.0,9.0,26.0,17.0,63.0,11.0,4.0,0.0,3.0,3.0,51.0
2021-10-31,1.0,1.0,14.0,10.0,11.0,48.0,39.0,9.0,0.0,38.0,14.0,10.0,12.0,15.0,12.0,52.0,4.0,4.0,0.0,4.0,4.0,34.0
2021-11-01,1.0,1.0,17.0,12.0,26.0,0.0,71.0,6.0,2.0,19.0,12.0,12.0,14.0,35.0,5.0,55.0,14.0,0.0,0.0,3.0,6.0,38.0
2021-11-02,1.0,1.0,15.0,13.0,25.0,62.0,77.0,11.0,2.0,19.0,12.0,13.0,12.0,38.0,15.0,53.0,18.0,3.0,0.0,2.0,6.0,40.0
2021-11-03,1.0,1.0,37.0,15.0,19.0,0.0,75.0,11.0,5.0,9.0,12.0,12.0,15.0,42.0,0.0,40.0,15.0,6.0,0.0,2.0,4.0,42.0
2021-11-04,1.0,1.0,29.0,16.0,16.0,0.0,66.0,7.0,75.0,29.0,12.0,11.0,12.0,33.0,5.0,57.0,14.0,8.0,0.0,2.0,4.0,46.0
2021-11-05,1.0,1.0,32.0,15.0,46.0,22.0,64.0,10.0,60.0,15.0,12.0,9.0,39.0,48.0,0.0,62.0,13.0,7.0,1.0,2.0,4.0,22.0
2021-11-06,1.0,1.0,25.0,15.0,17.0,24.0,41.0,6.0,6.0,42.0,14.0,9.0,34.0,27.0,12.0,72.0,10.0,4.0,0.0,2.0,4.0,52.0
2021-11-07,1.0,1.0,19.0,12.0,33.0,0.0,37.0,11.0,6.0,21.0,14.0,10.0,23.0,28.0,12.0,54.0,7.0,4.0,0.0,2.0,4.0,36.0
2021-11-08,1.0,1.0,24.0,14.0,40.0,21.0,76.0,9.0,0.0,19.0,12.0,17.0,17.0,50.0,5.0,50.0,15.0,8.0,0.0,2.0,5.0,30.0
2021-11-09,1.0,1.0,25.0,16.0,20.0,42.0,73.0,15.0,5.0,10.0,12.0,18.0,28.0,43.0,5.0,43.0,12.0,4.0,1.0,2.0,5.0,30.0
2021-11-10,1.0,1.0,21.0,16.0,15.0,0.0,77.0,12.0,1.0,0.0,12.0,12.0,15.0,53.0,0.0,50.0,21.0,6.0,0.0,2.0,4.0,53.0
2021-11-11,1.0,1.0,24.0,16.0,24.0,41.0,67.0,6.0,3.0,27.0,13.0,10.0,9.0,33.0,10.0,53.0,23.0,7.0,0.0,2.0,3.0,30.0
2021-11-12,1.0,1.0,26.0,15.0,30.0,21.0,62.0,9.0,5.0,24.0,13.0,7.0,18.0,44.0,5.0,53.0,12.0,2.0,0.0,2.0,4.0,22.0
2021-11-13,1.0,1.0,15.0,14.0,28.0,0.0,39.0,16.0,2.0,36.0,14.0,12.0,12.0,22.0,12.0,59.0,11.0,0.0,0.0,2.0,3.0,46.0
2021-11-14,1.0,1.0,13.0,13.0,33.0,23.0,41.0,12.0,4.0,53.0,14.0,12.0,13.0,21.0,12.0,49.0,7.0,7.0,0.0,2.0,3.0,34.0
2021-11-15,1.0,2.0,15.0,13.0,15.0,41.0,70.0,13.0,3.0,5.0,12.0,11.0,11.0,43.0,10.0,48.0,22.0,4.0,0.0,2.0,3.0,35.0
2021-11-16,1.0,1.0,22.0,15.0,18.0,20.0,79.0,6.0,2.0,18.0,15.0,9.0,23.0,39.0,5.0,55.0,17.0,3.0,1.0,2.0,3.0,33.0
2021-11-17,1.0,1.0,20.0,17.0,29.0,20.0,75.0,9.0,3.0,5.0,13.0,10.0,22.0,47.0,15.0,42.0,15.0,5.0,0.0,2.0,3.0,50.0
2021-11-18,1.0,1.0,18.0,17.0,40.0,42.0,70.0,11.0,3.0,15.0,13.0,10.0,18.0,32.0,5.0,48.0,13.0,17.0,1.0,2.0,3.0,31.0
2021-11-19,1.0,1.0,20.0,14.0,26.0,0.0,61.0,9.0,1.0,15.0,12.0,5.0,10.0,31.0,10.0,52.0,20.0,3.0,0.0,2.0,4.0,23.0
2021-11-20,1.0,1.0,20.0,14.0,45.0,24.0,38.0,13.0,8.0,21.0,14.0,8.0,12.0,20.0,6.0,59.0,9.0,4.0,0.0,2.0,4.0,54.0
2021-11-21,1.0,1.0,10.0,12.0,40.0,24.0,37.0,10.0,0.0,26.0,15.0,5.0,9.0,13.0,12.0,47.0,14.0,3.0,1.0,2.0,3.0,28.0
2021-11-22,1.0,1.0,22.0,11.0,20.0,21.0,66.0,18.0,2.0,19.0,12.0,5.0,11.0,40.0,5.0,48.0,20.0,6.0,0.0,2.0,2.0,21.0
2021-11-23,1.0,1.0,23.0,12.0,30.0,0.0,61.0,16.0,7.0,19.0,13.0,10.0,7.0,18.0,5.0,52.0,16.0,8.0,1.0,2.0,3.0,50.0
2021-11-24,1.0,1.0,14.0,13.0,35.0,0.0,48.0,13.0,2.0,19.0,13.0,7.0,12.0,21.0,0.0,47.0,8.0,1.0,0.0,2.0,3.0,27.0
2021-11-25,1.0,1.0,11.0,11.0,49.0,0.0,28.0,11.0,0.0,31.0,15.0,9.0,8.0,14.0,0.0,45.0,8.0,3.0,0.0,2.0,3.0,21.0
2021-11-26,1.0,1.0,18.0,11.0,26.0,0.0,33.0,15.0,0.0,34.0,13.0,7.0,14.0,11.0,5.0,40.0,12.0,1.0,0.0,2.0,3.0,21.0
2021-11-27,1.0,1.0,16.0,8.0,21.0,22.0,35.0,8.0,4.0,25.0,14.0,10.0,15.0,14.0,5.0,30.0,8.0,4.0,1.0,2.0,2.0,55.0
2021-11-28,1.0,1.0,16.0,10.0,11.0,0.0,43.0,11.0,0.0,50.0,14.0,8.0,13.0,13.0,5.0,54.0,13.0,2.0,0.0,2.0,2.0,27.0
2021-11-29,1.0,1.0,23.0,12.0,28.0,20.0,75.0,11.0,3.0,4.0,12.0,7.0,8.0,35.0,5.0,58.0,8.0,8.0,0.0,2.0,2.0,22.0
2021-11-30,1.0,2.0,31.0,13.0,29.0,0.0,75.0,14.0,3.0,13.0,12.0,10.0,16.0,31.0,10.0,46.0,17.0,9.0,0.0,2.0,3.0,35.0
2021-12-01,1.0,1.0,29.0,13.0,42.0,0.0,73.0,17.0,0.0,9.0,12.0,7.0,15.0,45.0,10.0,47.0,11.0,3.0,1.0,2.0,2.0,24.0
2021-12-02,1.0,1.0,29.0,16.0,24.0,20.0,69.0,24.0,2.0,18.0,12.0,8.0,11.0,44.0,5.0,50.0,19.0,7.0,0.0,2.0,2.0,22.0
2021-12-03,1.0,1.0,25.0,21.0,64.0,0.0,64.0,19.0,1.0,14.0,12.0,8.0,14.0,48.0,20.0,57.0,18.0,6.0,1.0,2.0,2.0,23.0
2021-12-04,1.0,1.0,23.0,18.0,39.0,0.0,37.0,18.0,7.0,26.0,14.0,7.0,12.0,21.0,6.0,63.0,5.0,6.0,0.0,2.0,2.0,41.0
2021-12-05,1.0,1.0,15.0,11.0,60.0,22.0,44.0,15.0,4.0,36.0,14.0,6.0,14.0,20.0,0.0,52.0,12.0,3.0,0.0,2.0,2.0,28.0
2021-12-06,1.0,1.0,26.0,12.0,34.0,60.0,70.0,11.0,1.0,5.0,12.0,8.0,19.0,40.0,10.0,55.0,11.0,6.0,1.0,2.0,2.0,23.0
2021-12-07,1.0,1.0,26.0,12.0,29.0,20.0,74.0,14.0,5.0,0.0,12.0,8.0,15.0,35.0,5.0,56.0,9.0,7.0,0.0,2.0,2.0,42.0
2021-12-08,1.0,1.0,28.0,14.0,35.0,0.0,77.0,18.0,3.0,14.0,12.0,8.0,19.0,46.0,5.0,52.0,17.0,7.0,0.0,2.0,2.0,30.0
2021-12-09,1.0,1.0,23.0,13.0,45.0,41.0,68.0,19.0,2.0,10.0,12.0,6.0,11.0,42.0,0.0,58.0,12.0,3.0,0.0,2.0,2.0,24.0
2021-12-10,1.0,1.0,24.0,12.0,40.0,21.0,59.0,15.0,2.0,10.0,12.0,9.0,13.0,35.0,16.0,57.0,12.0,3.0,0.0,2.0,2.0,24.0
2021-12-11,1.0,1.0,18.0,12.0,22.0,23.0,40.0,14.0,2.0,0.0,14.0,11.0,16.0,26.0,0.0,58.0,7.0,3.0,0.0,2.0,2.0,35.0
2021-12-12,1.0,1.0,17.0,10.0,39.0,0.0,37.0,14.0,4.0,31.0,14.0,7.0,14.0,9.0,0.0,51.0,15.0,3.0,2.0,2.0,2.0,29.0
2021-12-13,1.0,2.0,15.0,10.0,5.0,21.0,67.0,17.0,3.0,0.0,12.0,7.0,11.0,45.0,0.0,54.0,12.0,3.0,0.0,2.0,2.0,21.0
2021-12-14,1.0,2.0,17.0,11.0,5.0,42.0,67.0,20.0,3.0,10.0,12.0,9.0,24.0,39.0,5.0,48.0,11.0,4.0,1.0,2.0,2.0,23.0
2021-12-15,1.0,2.0,20.0,11.0,50.0,21.0,63.0,22.0,1.0,5.0,12.0,11.0,17.0,38.0,5.0,63.0,12.0,6.0,2.0,2.0,2.0,33.0
2021-12-16,1.0,2.0,22.0,14.0,26.0,43.0,59.0,22.0,5.0,15.0,16.0,8.0,17.0,35.0,16.0,55.0,9.0,7.0,1.0,2.0,2.0,22.0
2021-12-17,1.0,1.0,19.0,14.0,31.0,0.0,51.0,21.0,2.0,19.0,43.0,9.0,10.0,27.0,0.0,50.0,11.0,4.0,1.0,2.0,2.0,24.0
2021-12-18,1.0,1.0,24.0,13.0,29.0,0.0,32.0,35.0,2.0,16.0,19.0,7.0,22.0,14.0,6.0,47.0,10.0,1.0,1.0,2.0,2.0,24.0
2021-12-19,1.0,1.0,21.0,11.0,34.0,0.0,28.0,33.0,2.0,32.0,14.0,10.0,13.0,8.0,6.0,58.0,14.0,3.0,0.0,2.0,2.0,23.0
2021-12-20,1.0,2.0,37.0,11.0,32.0,22.0,50.0,38.0,4.0,5.0,12.0,11.0,13.0,22.0,0.0,59.0,13.0,3.0,0.0,2.0,2.0,22.0
2021-12-21,1.0,1.0,27.0,14.0,31.0,22.0,47.0,44.0,3.0,15.0,13.0,8.0,14.0,17.0,5.0,49.0,9.0,5.0,0.0,2.0,5.0,21.0
2021-12-22,1.0,1.0,29.0,13.0,36.0,22.0,43.0,44.0,5.0,0.0,15.0,8.0,29.0,16.0,22.0,48.0,7.0,2.0,0.0,2.0,3.0,22.0
2021-12-23,1.0,1.0,24.0,14.0,65.0,22.0,38.0,65.0,4.0,15.0,14.0,9.0,23.0,14.0,5.0,50.0,7.0,2.0,0.0,2.0,2.0,24.0
2021-12-24,1.0,1.0,16.0,10.0,64.0,0.0,28.0,65.0,2.0,16.0,15.0,10.0,27.0,6.0,0.0,48.0,4.0,2.0,0.0,2.0,2.0,28.0
2021-12-25,1.0,1.0,6.0,7.0,44.0,0.0,21.0,69.0,0.0,23.0,14.0,10.0,15.0,8.0,0.0,41.0,3.0,1.0,0.0,2.0,3.0,35.0
2021-12-26,1.0,1.0,18.0,7.0,23.0,0.0,26.0,68.0,2.0,16.0,14.0,11.0,25.0,10.0,6.0,37.0,12.0,1.0,1.0,2.0,2.0,26.0
2021-12-27,1.0,1.0,31.0,10.0,31.0,22.0,44.0,60.0,7.0,19.0,14.0,10.0,22.0,6.0,11.0,60.0,14.0,3.0,0.0,2.0,2.0,22.0
2021-12-28,1.0,2.0,34.0,13.0,73.0,22.0,47.0,85.0,5.0,19.0,15.0,11.0,29.0,9.0,0.0,55.0,9.0,5.0,0.0,2.0,2.0,22.0
2021-12-29,1.0,2.0,26.0,14.0,65.0,0.0,46.0,87.0,3.0,23.0,14.0,13.0,18.0,11.0,0.0,58.0,17.0,6.0,0.0,2.0,2.0,22.0
2021-12-30,1.0,1.0,20.0,13.0,51.0,21.0,43.0,90.0,1.0,10.0,15.0,12.0,24.0,16.0,0.0,51.0,6.0,4.0,0.0,2.0,2.0,22.0
2021-12-31,1.0,1.0,20.0,12.0,51.0,0.0,32.0,82.0,5.0,19.0,15.0,9.0,23.0,13.0,5.0,56.0,10.0,4.0,0.0,2.0,2.0,24.0
2022-01-01,1.0,1.0,12.0,9.0,38.0,0.0,29.0,66.0,6.0,30.0,15.0,14.0,14.0,10.0,0.0,52.0,6.0,3.0,0.0,2.0,2.0,35.0
2022-01-02,1.0,2.0,17.0,8.0,68.0,22.0,33.0,72.0,3.0,35.0,14.0,11.0,21.0,13.0,11.0,59.0,17.0,1.0,0.0,2.0,1.0,28.0
2022-01-03,1.0,2.0,29.0,8.0,50.0,0.0,60.0,70.0,3.0,5.0,13.0,10.0,25.0,19.0,10.0,48.0,22.0,4.0,1.0,2.0,1.0,22.0
2022-01-04,1.0,2.0,30.0,12.0,40.0,21.0,60.0,85.0,5.0,5.0,13.0,11.0,27.0,27.0,5.0,48.0,15.0,3.0,0.0,2.0,2.0,22.0
2022-01-05,1.0,2.0,31.0,13.0,29.0,0.0,60.0,100.0,2.0,9.0,13.0,10.0,20.0,22.0,10.0,40.0,20.0,6.0,1.0,2.0,2.0,22.0
2022-01-06,1.0,2.0,28.0,14.0,85.0,62.0,57.0,98.0,1.0,5.0,13.0,9.0,22.0,23.0,5.0,60.0,20.0,6.0,0.0,3.0,3.0,22.0
2022-01-07,1.0,1.0,29.0,13.0,76.0,0.0,58.0,81.0,8.0,5.0,14.0,11.0,33.0,28.0,0.0,54.0,17.0,5.0,0.0,3.0,2.0,22.0
2022-01-08,1.0,1.0,23.0,13.0,61.0,23.0,35.0,87.0,2.0,26.0,15.0,12.0,24.0,13.0,6.0,58.0,25.0,6.0,2.0,2.0,2.0,24.0
2022-01-09,1.0,1.0,18.0,10.0,64.0,0.0,34.0,85.0,7.0,50.0,16.0,8.0,36.0,14.0,28.0,60.0,18.0,3.0,1.0,2.0,2.0,24.0
2022-01-10,1.0,2.0,16.0,10.0,57.0,20.0,58.0,67.0,5.0,18.0,12.0,7.0,16.0,15.0,15.0,50.0,20.0,4.0,1.0,2.0,1.0,24.0
2022-01-11,1.0,1.0,25.0,12.0,40.0,21.0,64.0,76.0,2.0,10.0,13.0,7.0,17.0,26.0,10.0,55.0,31.0,7.0,0.0,2.0,2.0,25.0
2022-01-12,1.0,2.0,21.0,12.0,40.0,20.0,67.0,77.0,0.0,14.0,13.0,7.0,23.0,22.0,10.0,51.0,21.0,5.0,0.0,2.0,2.0,23.0
2022-01-13,1.0,2.0,18.0,12.0,41.0,43.0,66.0,68.0,3.0,5.0,13.0,7.0,23.0,32.0,16.0,58.0,16.0,7.0,2.0,3.0,3.0,24.0
2022-01-14,1.0,1.0,16.0,10.0,30.0,0.0,58.0,77.0,0.0,15.0,13.0,7.0,18.0,26.0,26.0,49.0,10.0,5.0,0.0,2.0,3.0,23.0
2022-01-15,1.0,1.0,12.0,9.0,54.0,0.0,36.0,45.0,5.0,31.0,15.0,9.0,28.0,14.0,0.0,58.0,18.0,0.0,0.0,3.0,2.0,24.0
2022-01-16,1.0,1.0,9.0,6.0,92.0,0.0,34.0,51.0,5.0,45.0,15.0,7.0,22.0,9.0,5.0,49.0,18.0,1.0,1.0,4.0,2.0,22.0
2022-01-17,1.0,1.0,10.0,7.0,40.0,43.0,47.0,42.0,1.0,24.0,16.0,5.0,15.0,15.0,5.0,57.0,18.0,6.0,2.0,2.0,2.0,22.0
2022-01-18,1.0,1.0,16.0,8.0,59.0,20.0,64.0,54.0,3.0,0.0,13.0,7.0,33.0,19.0,5.0,51.0,19.0,5.0,1.0,2.0,2.0,22.0
2022-01-19,1.0,1.0,19.0,11.0,34.0,41.0,66.0,62.0,2.0,23.0,13.0,4.0,33.0,31.0,10.0,53.0,22.0,6.0,0.0,2.0,3.0,22.0
2022-01-20,1.0,1.0,17.0,11.0,29.0,39.0,70.0,37.0,3.0,14.0,13.0,5.0,21.0,26.0,15.0,52.0,19.0,3.0,0.0,3.0,4.0,22.0
2022-01-21,1.0,1.0,24.0,10.0,31.0,22.0,59.0,44.0,5.0,15.0,13.0,9.0,22.0,32.0,11.0,56.0,16.0,2.0,1.0,2.0,3.0,23.0
2022-01-22,1.0,1.0,13.0,8.0,17.0,0.0,38.0,46.0,0.0,32.0,15.0,7.0,25.0,18.0,0.0,63.0,20.0,4.0,1.0,2.0,2.0,24.0
2022-01-23,1.0,1.0,9.0,6.0,45.0,46.0,37.0,45.0,2.0,11.0,15.0,6.0,15.0,15.0,0.0,53.0,20.0,2.0,1.0,2.0,2.0,24.0
2022-01-24,1.0,2.0,11.0,7.0,29.0,0.0,65.0,30.0,3.0,19.0,13.0,8.0,23.0,24.0,5.0,47.0,27.0,5.0,0.0,2.0,3.0,23.0
2022-01-25,1.0,2.0,15.0,8.0,47.0,20.0,75.0,26.0,4.0,4.0,12.0,6.0,25.0,34.0,10.0,44.0,27.0,3.0,1.0,2.0,6.0,24.0
2022-01-26,1.0,2.0,11.0,9.0,20.0,21.0,70.0,34.0,3.0,19.0,13.0,8.0,21.0,44.0,10.0,48.0,16.0,5.0,1.0,2.0,3.0,24.0
2022-01-27,1.0,2.0,12.0,8.0,10.0,22.0,74.0,35.0,1.0,15.0,13.0,7.0,29.0,41.0,5.0,52.0,21.0,8.0,1.0,2.0,3.0,24.0
2022-01-28,1.0,1.0,6.0,8.0,21.0,0.0,62.0,23.0,4.0,15.0,13.0,7.0,15.0,33.0,0.0,59.0,19.0,1.0,1.0,2.0,3.0,24.0
2022-01-29,1.0,1.0,11.0,7.0,11.0,0.0,34.0,21.0,5.0,32.0,15.0,6.0,11.0,11.0,0.0,56.0,19.0,1.0,0.0,2.0,2.0,25.0
2022-01-30,2.0,1.0,5.0,5.0,6.0,24.0,42.0,21.0,4.0,16.0,16.0,7.0,14.0,5.0,0.0,59.0,15.0,3.0,0.0,3.0,2.0,25.0
2022-01-31,1.0,2.0,11.0,4.0,36.0,0.0,69.0,20.0,1.0,10.0,12.0,7.0,12.0,29.0,0.0,50.0,14.0,2.0,0.0,2.0,2.0,24.0
2022-02-01,1.0,2.0,12.0,7.0,16.0,22.0,68.0,17.0,1.0,15.0,12.0,7.0,17.0,29.0,0.0,48.0,17.0,1.0,0.0,2.0,2.0,25.0
2022-02-02,1.0,2.0,11.0,5.0,26.0,0.0,69.0,19.0,3.0,15.0,12.0,6.0,17.0,36.0,0.0,55.0,14.0,6.0,0.0,2.0,2.0,24.0
2022-02-03,1.0,1.0,5.0,5.0,30.0,0.0,67.0,17.0,1.0,28.0,13.0,10.0,10.0,30.0,0.0,58.0,21.0,9.0,0.0,2.0,2.0,25.0
2022-02-04,1.0,2.0,6.0,7.0,31.0,43.0,60.0,16.0,2.0,15.0,14.0,11.0,11.0,33.0,5.0,50.0,22.0,5.0,0.0,2.0,2.0,37.0
2022-02-05,1.0,1.0,6.0,6.0,6.0,0.0,41.0,20.0,4.0,22.0,15.0,13.0,22.0,19.0,0.0,57.0,10.0,3.0,0.0,2.0,2.0,50.0
2022-02-06,1.0,1.0,6.0,5.0,12.0,0.0,46.0,12.0,6.0,60.0,15.0,8.0,22.0,11.0,0.0,54.0,14.0,2.0,0.0,2.0,1.0,34.0
2022-02-07,1.0,1.0,7.0,5.0,6.0,22.0,69.0,17.0,5.0,5.0,13.0,8.0,9.0,36.0,11.0,47.0,26.0,7.0,1.0,2.0,2.0,33.0
2022-02-08,1.0,1.0,10.0,5.0,6.0,0.0,73.0,10.0,2.0,5.0,12.0,7.0,6.0,38.0,0.0,43.0,30.0,3.0,0.0,2.0,3.0,34.0
2022-02-09,1.0,1.0,9.0,7.0,16.0,64.0,77.0,14.0,1.0,15.0,12.0,8.0,21.0,44.0,5.0,33.0,17.0,3.0,0.0,2.0,7.0,27.0
2022-02-10,1.0,1.0,6.0,6.0,16.0,43.0,68.0,11.0,3.0,34.0,12.0,4.0,20.0,34.0,11.0,45.0,8.0,2.0,0.0,2.0,5.0,28.0
2022-02-11,1.0,1.0,9.0,5.0,11.0,22.0,61.0,11.0,7.0,5.0,12.0,5.0,18.0,44.0,0.0,55.0,18.0,4.0,0.0,2.0,4.0,26.0
2022-02-12,1.0,1.0,12.0,7.0,12.0,0.0,37.0,8.0,6.0,39.0,14.0,6.0,4.0,16.0,0.0,50.0,8.0,2.0,0.0,2.0,3.0,27.0
2022-02-13,1.0,1.0,5.0,4.0,11.0,0.0,38.0,12.0,2.0,37.0,14.0,8.0,10.0,15.0,12.0,65.0,12.0,5.0,1.0,2.0,2.0,26.0
2022-02-14,1.0,1.0,6.0,4.0,5.0,0.0,63.0,6.0,5.0,28.0,11.0,6.0,7.0,23.0,0.0,58.0,16.0,5.0,1.0,2.0,2.0,22.0
2022-02-15,1.0,1.0,6.0,5.0,11.0,0.0,70.0,9.0,2.0,25.0,12.0,6.0,8.0,37.0,0.0,60.0,14.0,5.0,0.0,3.0,2.0,24.0
